Investment Banking Name,Country
Afghanistan International Bank,Afghanistan
First Microfinance Bank of Afghanistan,Afghanistan
Banka Kombetare Tregtare Sh.a.,Albania
Algeria Gulf Bank S.p.A.,Algeria
Banque de l'Agriculture et du D ©veloppement Rural SPA,Algeria
Banque Ext ©rieure d'Alg ©rie,Algeria
"Citibank, N.A Algeria",Algeria
Credit Populaire d'Algerie,Algeria
Mora Banc Grup SA,Andorra
Banco Angolano de Neg  cios e Com ©rcio S.A.,Angola
"Banco BIC, SA",Angola
Banco de Com ©rcio e Ind  stria SARL,Angola
Banco de la Nacion Argentina S.A.,Argentina
Banco de La Pampa SEM,Argentina
Banco Privado de Inversiones S.A.,Argentina
"Banco Regional de Cuyo, SA",Argentina
Banco Saenz S.A.,Argentina
Citibank N.A. Sucursal establecida en la Rep  blica Argentina,Argentina
HSBC Argentina Holdings S.A.,Argentina
"Raymond James Argentina Sociedad de Bolsa, S.A.",Argentina
Anelik Bank CJSC,Armenia
Unibank CJSC,Armenia
Aruba Bank N.V.,Aruba
ACIL Tasman Pty Ltd,Australia
Ajilon Consulting Pty Ltd.,Australia
Ammtec Limited,Australia
ANZ Rabinov Property Management Limited,Australia
Aquasia Pty Ltd,Australia
Barclays Bank Australia Limited,Australia
Bellarine Peninsula Community Branch Ltd.,Australia
Brookfield Secured Bonds Series A Issuer Limited,Australia
CBA Capital Australia Limited,Australia
Centrefarm Aboriginal Horticulture Limited,Australia
Clifroy Limited,Australia
DYNAMIQ PTY Ltd.,Australia
EFI International Pty Ltd,Australia
Fat Prophets Pty Ltd.,Australia
First Advantage Australasia Pty Ltd.,Australia
Grosvenor Management Consulting Pty Ltd.,Australia
Herron Todd White Valuers,Australia
Hippo Jobs Pty Ltd,Australia
Home Hill Community Bank,Australia
Hughes Public Relations,Australia
Inglewood & Districts Community Enterprises Limited,Australia
Invest Nexus Limited,Australia
Investec Holdings Australia Limited,Australia
Kaz Capital Pty Ltd.,Australia
Lakeside Pakenham Community Enterprise Limited,Australia
Locher and Associates Pty Limited,Australia
Manningham Community Enterprises Limited,Australia
"National Australia Bank Limited, Research Division",Australia
North Ryde Community Finance Limited,Australia
NSC Corporate Property Consultants,Australia
Our Community Company Ltd,Australia
Planpower Training Solutions,Australia
Preferred Capital Limited,Australia
Quantia Valuation Consultants Pty Ltd.,Australia
Rabobank Australia & New Zealand Group,Australia
Reynolds & Company Pty. Limited,Australia
S2V Consulting Pty Ltd.,Australia
South Burnett Community Enterprises Limited,Australia
Stanfield Funds Management Limited,Australia
Talent2 Consult,Australia
The Quantium Group Pty Ltd.,Australia
"AlpenBank AG, Research Division",Austria
Bank Medici AG,Austria
Bankhaus Schelhammer & Schattera Aktiengesellschaft,Austria
"Capital Bank - GRAWE Gruppe AG, Research Division",Austria
Centragas Holdings AG,Austria
Dexia Kommunalkredit Bank AG,Austria
Direktanlage.at AG,Austria
HYPO NOE Gruppe Bank AG,Austria
Intermarket Bank AG,Austria
KA Finanz AG,Austria
Kathrein & Co. Life Settlement GmbH,Austria
Landes-Hypothekenbank Steiermark AG,Austria
"Oesterreichische Volksbanken AG, Research Division",Austria
"Raiffeisen Bank International AG, Research Division",Austria
Raiffeisen Bausparkasse GmbH,Austria
"Raiffeisen CENTROBANK AG, Research Division",Austria
Raiffeisen International Beteiligungs GmbH,Austria
Raiffeisen-Holding Nieder  sterreich-Wien registrierte Genossenschaft mit beschr §nkter Haftung,Austria
"Raiffeisenlandesbank K §rnten - Rechenzentrum und Revisionsverband, reg.Gen.m.b.H.",Austria
Raiffeisenlandesbank Nieder ñsterreich-Wien AG,Austria
Raiffeisen-Landesbank Tirol AG,Austria
Salzburger Sparkasse Bank AG,Austria
Semper Constantia Privatbank Aktiengesellschaft,Austria
Valartis Bank (Austria) AG,Austria
Volksbank Graz-Bruck e.Gen.,Austria
Volksbank Sch §rding eG,Austria
"""Open Joint Stock Company """"Bank of Baku""""""",Azerbaijan
"""Open Joint-Stock Company """"ATRABANK""""""",Azerbaijan
AtaBank OJSC,Azerbaijan
Azerbaijan Senaye Banki OJSC,Azerbaijan
Azerigazbank Open Joint-Stock Company,Azerbaijan
Bank Melli Iran Baku Branch,Azerbaijan
DemirBank OJSC,Azerbaijan
JSC VTB Bank (Azerbaijan),Azerbaijan
"National Bank of Pakistan, Baku Branch",Azerbaijan
Open Joint Stock Commercial Bank Zaminbank,Azerbaijan
Open Joint-Stock Company Bank of Azerbaijan,Azerbaijan
United Kredit Bank OJSC,Azerbaijan
Fidelity Bank (Bahamas) Limited,Bahamas
ALUBAF Arab International Bank B.S.C.,Bahrain
Awal Bank B.S.C.,Bahrain
First Energy Bank B.S.C.(c),Bahrain
Standard Chartered Bank Of Bahrain,Bahrain
TAIB Securities W.L.L.,Bahrain
Agrani Bank Limited,Bangladesh
Bangladesh Commerce Bank Ltd.,Bangladesh
Basic Bank Limited,Bangladesh
"Commercial Bank of Ceylon PLC, Bangladesh Branch",Bangladesh
Grameen Bank,Bangladesh
NDB Capital Limited,Bangladesh
Sonali Bank Limited,Bangladesh
"Standard Chartered Bank, Bangladesh",Bangladesh
The Hongkong and Shanghai Banking Corporation Limited (Bangladesh),Bangladesh
FirstCaribbean International Bank (Barbados) Limited,Barbados
Helmsdale Bank Corporation,Barbados
Windermere Bank & Trust Ltd.,Barbados
CJSC VTB Bank (Belarus),Belarus
Fransabank Open Joint Stock Company,Belarus
Bank Corluy Effectenbankiers N.V.,Belgium
Bank J. Van Breda & Co. N.V.,Belgium
Bisnode Belgium nv,Belgium
Byblos Bank Europe S.A.,Belgium
Delta Lloyd Bank S.A.,Belgium
Deutsche Bank S.A. / N.V.,Belgium
Euroclear Bank SA,Belgium
Keytrade Bank SA,Belgium
Lincoln Associates,Belgium
"Puilaetco Dewaay Private Bankers SA, Research Division",Belgium
Soci ©t © G ©n ©rale Private Banking NV/SA,Belgium
The Bank of New York Mellon SA/NV,Belgium
VDK Spaarbank N.V.,Belgium
Ecobank Benin S.A.,Benin
Capital G Limited,Bermuda
Intesa Sanpaolo Banka d.d. Bosna i Hercegovina,Bosnia
NLB Razvojna banka a.d. Banjaluka,Bosnia
Pavlovic International Bank a.d.,Bosnia
"The Republic of Srpska Investment-Development Bank, Joint Stock Company",Bosnia
UNA Banka d.d. Bihac,Bosnia
Stanbic Bank Botswana Limited,Botswana
Banco ABN AMRO Real S.A.,Brazil
Banco Bandepe S.A.,Brazil
Banco BMG S.A.,Brazil
Banco Bonsucesso S.A.,Brazil
Banco Fibra S.A.,Brazil
Banco Gerador S.A.,Brazil
Banco Paulista S.A.,Brazil
Banco Rural S.A.,Brazil
Banif Banco de Investimento (Brasil) S.A.,Brazil
Companhia Bozano Simonsen Comercio e Industria S.A.,Brazil
Hipercard Banco M  ltiplo S.A.,Brazil
Ita   Unibanco S.A.,Brazil
RB Capital Holding S.A.,Brazil
Allianz Bank Bulgaria AD,Bulgaria
Encouragement Bank PLC,Bulgaria
BackCheck Information Corporation,Canada
"Baycor Capital, Inc.",Canada
BMO Capital Trust,Canada
BNS Capital Trust,Canada
Caisse populaire Desjardins de Lac Mistassini - Mistassini Lake Caisse Populaire Desjardins,Canada
Can-Banc NT Corp.,Canada
Checkwell Decision Corporation,Canada
Coniston Investment Corp.,Canada
Deutsche Bank (Canada) Ltd.,Canada
Everest Group Canada,Canada
Fairbank Engineering Ltd.,Canada
General Bank of Canada,Canada
GreyPoint Capital Inc.,Canada
Home Trust Company,Canada
Investor Based Finance Group Inc.,Canada
Kenmuir & Company,Canada
"Latitude Partners, Advisory Arm",Canada
"M&A Partners Mergers & Acquisitions, Inc.",Canada
"Mizuho Corporate Bank, Ltd. (Canada)",Canada
Newspaper Audience Databank Inc.,Canada
Nolin Branding & Design,Canada
Real Estate Asset Liquidity Trust,Canada
"Right Management Canada, Inc.",Canada
Scotiabank Capital Trust,Canada
"Scotiabank Global Banking and Markets, Research Division",Canada
SGS Lakefield Research Limited,Canada
TD Capital Trust,Canada
TD Capital Trust II,Canada
The Bank of Nova Scotia Trust Company,Canada
Valiant Trust Company,Canada
WaterStreet Family Capital Counsel Inc.,Canada
BA-CA Finance (Cayman) II Limited,Cayman-Islands
Julius Baer Bank and Trust Company Ltd.,Cayman-Islands
NCB (Cayman) Limited,Cayman-Islands
Royal Bank Of Canada Trust Company (cayman) Limited,Cayman-Islands
Banco Desarrollo de Scotiabank,Chile
BST Consulting Group S.A.,Chile
Corp Group Banking S.A.,Chile
"LarrainVial S.A., Research Division",Chile
Allied Commercial Bank,China
Bank of America - China,China
Bank of CangZhou,China
"Bank of Chengdu Co., Ltd.",China
"Bank of China, Research Division",China
"Bank Of Inner Mongolia Co.,Ltd",China
"Bank of Jinzhou Co., Ltd.",China
BGI,China
"Bohai Securities Co., Ltd., Research Division",China
"China Bohai Bank Co., Ltd.",China
China Credit BGC Money Broking Company Limited,China
"China Postal Savings Bank Co., Ltd.",China
"Fujian Haixia Bank Co., Ltd.",China
"Guang Dong Yin Da Guaranty Investment Group Co., Ltd",China
Guangdong Shunde Rural Commercial Bank Company Limited,China
"Hangzhou United Rural Commercial Bank Co., Ltd.",China
HSBC Bank (China) Company Limited,China
"Kaifeng City Commercial Bank Co., Ltd.",China
"Laishang Bank Co., Ltd.",China
"Longjiang Bank Co., Ltd.",China
Mianyang City Commercial Bank,China
Ningbo Commercial Bank,China
Pan-Pacific Management Institute,China
"Raiffeisen Bank International AG, Beijing Branch",China
"Shanghai Rural Commercial Bank Co., Ltd.",China
"Shenzhen Rural Commercial Bank Corp., Ltd.",China
Suzhou City Commercial Bank,China
Taizhou Commercial Bank,China
The Guangdong Rural Credit Co-operative Union,China
Tianjin Binhai Rural Commercial Bank Corporation,China
United Overseas Bank (China) Limited,China
"Yantai Bank Co., Ltd.",China
Banco Agrario de Colombia S.A.,Colombia
Banco Corpbanca Colombia S.A.,Colombia
Citibank - Colombia S.A.,Colombia
Toucan Interactive Corp.,Costa-Rica
Banque Nationale D Investissement,Cote-d-Ivoire
Ecobank Cote D'Ivoire S.A.,Cote-d-Ivoire
KentBank d.d.,Croatia
Partner banka d.d. Zagreb,Croatia
Primorska banka d.d.,Croatia
TESLA STEDNA BANKA d.d.,Croatia
Banco Exterior de Cuba,Cuba
"Hellenic Bank Public Company Ltd, Research Division",Cyprus
Istrokapital SE,Cyprus
AXA Bank,Czech-Republic
"Ceskoslovenska Obchodni Banka AS, Research Division",Czech-Republic
CommodityPoint,Czech-Republic
"Fio Banka, a.s., Research Division",Czech-Republic
"Komercni Banka AS, Research Division",Czech-Republic
LMC s.r.o.,Czech-Republic
"Vseobecna uverova banka, a.s., Prague Branch",Czech-Republic
Alm. Brand Formue A/S,Denmark
"Capinordic Bank A/S, Research Division",Denmark
"Danske Bank Markets, Research Division",Denmark
EBH Anparter A/S,Denmark
Ekspres Bank A/S,Denmark
FormueEvolution II A/S,Denmark
"Jyske Bank A/S, Research Division",Denmark
Nordea Bank Danmark A/S,Denmark
Sparekassen Fars,Denmark
Sparekassen Fyn af 1846 A/S,Denmark
Sparekassen Vendsyssel,Denmark
"Sydbank A/S, Research Division",Denmark
Dominica Agricultural Industrial & Development Bank,Dominica
"Banco Multiple Leon, S.A.",Dominican-Republic
Republic Bank (DR) S.A.,Dominican-Republic
African Export-Import Bank,Egypt
Arabeya Online Brokerage,Egypt
Egyptian Emirates Brokerage Co. SAE,Egypt
HC Brokerage,Egypt
"HC Securities & Investment, Research Division",Egypt
ORACAP Holding Co.S.A.E.,Egypt
Banco Agricola S.A.,El-Salvador
"Banco Citibank de El Salvador, S.A.",El-Salvador
"Banco G&T Continental El Salvador, S.A.",El-Salvador
AS Thulema,Estonia
"Swedbank AS, Research Division",Estonia
Tallinna  Ñripanga AS,Estonia
Versobank AS,Estonia
Aito S § §st  pankki Oy,Finland
"Evli Bank plc, Research Division",Finland
FIM Investment Research,Finland
Hinnerjoen Osuuspankki,Finland
Iisalmen Osuuspankki,Finland
Kiukaisten Osuuspankki,Finland
Koillis-Savon Osuuspankki,Finland
Kortesj §rven S § §st  pankki,Finland
Kouvolan Seudun Osuuspankki,Finland
Lammin S § §st  pankki,Finland
Liedon S § §st  pankki,Finland
Oma S § §st  pankki Oy,Finland
Parkanon S § §st  pankki,Finland
"Pohjola Bank plc, Research Division",Finland
Pyh §laakson Osuuspankki,Finland
Salon Osuuspankki,Finland
Sampo Housing Loan Bank plc,Finland
Someron S § §st  pankki,Finland
Turun Seudun Osuuspankki Oy,Finland
Aixial Group,France
APTUS SA,France
"Arcade Conseil, SAS",France
Ark ©a Banque Entreprises et Institutionnels,France
Banque CIC Est S.A.,France
Banque du Groupe Casino SA,France
Banque Lehman Brothers S.A.,France
Banque Martin Maurel SA,France
Banque Marze SA,France
Banque Populaire Atlantique,France
Banque Populaire d'Alsace,France
"Banque Populaire du Nord, SA",France
Banque Populaire Loire et Lyonnais,France
Banque Tofinso,France
be you consulting SAS,France
BICS Banque Populaire,France
BPCE International et Outre-Mer SA,France
Caisse d'Epargne de Bourgogne Franche-comt ©,France
Caisse d'Epargne Rh ¥ne-Alpes Lyon,France
Caisse F ©d ©rale de Cr ©dit Mutuel,France
"Caisse F ©d ©rale du Cr ©dit Mutuel Nord Europe, SA",France
Caisse R ©gionale de la Charente Maritime et des Deux Sevres,France
Caisse R ©gionale du Cr ©dit Agricole du Sud-Ouest,France
Caisse R ©gionale du Finistere,France
Caisse R ©gionale Normandie,France
Caisse Regionale de Credit Agricole Mutuel du Nord Est,France
Caisse Regionale De Credit Maritime Mutuel Du Littoral Du Sud-Ouest,France
Chappuis Halder & Cie,France
CIC Iberbanco - S.A.,France
Coherus SAS,France
Cr ©dit Mutuel De Bretagne,France
Cybersearch SA,France
Eric Salmon & Partners,France
Est Ouest Conseils SARL,France
"Exane BNP Paribas, Research Division",France
Financi ®re Meeschaert SA,France
Fontenay Gestion SA,France
Gibory Consultant SAS,France
Groupe AFNOR,France
Groupe Banques Populaire,France
"HSBC Private Bank France, S.A.",France
Interactifs,France
Lazard Fr ®res Banque SA,France
MediCapital Finance,France
Metnext SAS,France
Natixis Inter ©pargne SA,France
Nomia SA,France
PlaNet Finance SA,France
Progress SA,France
Raymond James Euro Equities,France
Salans LLP,France
Soci ©t © Marseillaise de Cr ©dit Soci ©t © Anonyme,France
Sourcea.fr,France
Union de Banques Arabes et Francaises-UBAF,France
Viveo Banking & Finance Consulting SAS,France
Webcible S.A.R.L.,France
Union Gabonaise de Banque UGB Net,Gabon
"JSC Bank of Georgia, Research Division",Georgia
JSC BasisBank,Georgia
JSC Capital Bank,Georgia
JSC Progress Bank,Georgia
2iQ Research GmbH,Germany
ACON Actienbank AG,Germany
AKA Ausfuhrkredit GMBH,Germany
Angermann M&A International GmbH,Germany
Augsburger Aktienbank AG,Germany
Axxiome Deutschland GmbH,Germany
B ºrgschaftsbank Mecklenburg-Vorpommern GmbH,Germany
B ºrgschaftsbank Th ºringen GmbH,Germany
Baader Helvea Equity Research,Germany
"Baden Wuerttembergische Bank AG, Research Division",Germany
"Bank of Communications Co., Ltd. Frankfurt Branch",Germany
Bank Schilling & Co Aktiengesellschaft,Germany
Bankenvereinigung NRW e.V.,Germany
"Bankhaus Lampe KG, Research Division",Germany
Bankhaus Main AG,Germany
"Bayerische Landesbank, Research Division",Germany
"BHF-Bank Aktiengesellschaft, Research Division",Germany
Braunschweigische Landessparkasse,Germany
C.J. Diederich Wertpapierhandelsgesellschaft mbH,Germany
Clearstream Banking AG,Germany
Close Brothers Seydler Bank AG,Germany
Conmit Wertpapierhandelsbank AG,Germany
DB Consult GmbH,Germany
Dekabank Deutsche Girozentrale,Germany
Deutsche Bank Privat- Und Geschaftskunden AG,Germany
"Deutsche Postbank AG, Research Division",Germany
Deutsche WertpapierService Bank AG,Germany
DEWI Gmbh - Deutsches Windenergie-Institut,Germany
Die Sparkasse Bremen AG,Germany
Dortmunder Volksbank eG,Germany
Droege Group Internationale Unternehmer-Beratung,Germany
DZ Bank AG Fixed Income Research,Germany
"DZ Bank AG, Research Division",Germany
Europ §isch-Iranische Handelsbank AG,Germany
Fairesearch GmbH & Co KG,Germany
Fairtrade Finance AG,Germany
Frankfurter Bankgesellschaft (Deutschland) AG,Germany
"GarantiBank International N.V., Germany Branch",Germany
"GBC AG, Research Division",Germany
GEO-NET Umweltconsulting GmbH,Germany
h&z Unternehmensberatung AG,Germany
Hauck & Aufhauser Institutional Research AG,Germany
Helaba Trust Beratungs-und Management Gesellschaft mbH,Germany
HT1 Funding GmbH,Germany
HVB Corporates & Markets,Germany
Independent Research GmbH,Germany
Innovalue Management Partner GmbH,Germany
IntegraBank eG,Germany
Kasseler Sparkasse,Germany
Kokusai Europe GmbH,Germany
Kommalpha AG,Germany
Kreissparkasse Esslingen-N ºrtingen,Germany
Kreissparkasse G  ppingen e.V.,Germany
Kreissparkasse M ºnchen Starnberg Ebersberg,Germany
"Landesbank Baden-Wurttemberg, Fixed Income Research",Germany
Landesbank Berlin AG,Germany
"Landesbank Berlin Holding AG, Research Division",Germany
LBS Westdeutsche Landesbausparkasse,Germany
MainFirst Bank AG,Germany
MaschmeyerR ºrup AG,Germany
MATELAN Research GmbH,Germany
Merrill Lynch Bank AG,Germany
meteocontrol GmbH,Germany
MHB-Bank Aktiengesellschaft,Germany
Misr Bank - Europe GmbH,Germany
Mittelbrandenburgische Sparkasse In Potsdam,Germany
Morgan Stanley Bank AG,Germany
N.M. Fleischhacker AG,Germany
Nassauische Sparkasse,Germany
National-Bank AG,Germany
net-m privatbank 1891 AG,Germany
"Norddeutsche Landesbank Girozentrale, Research Division",Germany
Oekom Research AG,Germany
PATEV Associates GmbH,Germany
Pax-Bank eG,Germany
Procedera Consult GmbH,Germany
"Quirin Bank AG, Research Division",Germany
Research-Fellows,Germany
S ºdwestbank AG,Germany
Santander Consumer Bank AG,Germany
Schw §bisch Hall Kreditservice AG,Germany
Solventis Wertpapierhandelsbank GmbH,Germany
"Solventis Wertpapierhandelsbank GmbH, Research Division",Germany
Sparda-Bank West eG,Germany
Sparkasse Bad Neustadt a. d. Saale,Germany
Sparkasse Hilden-Ratingen-Velbert,Germany
Sparkasse Hildesheim,Germany
Sparkasse Krefeld,Germany
Sparkasse Leipzig,Germany
Sparkasse Oberlausitz-Niederschlesien,Germany
Sparkasse Oberpfalz Nord,Germany
Sparkasse Saarbrucken,Germany
Sparkasse Vest Recklinghausen,Germany
Sparkasse Wetzlar,Germany
Sparkassen- und Giroverband f ºr Schleswig-Holstein,Germany
Sparkassenverband Baden-W ºrttemberg,Germany
Sparkassenverband Bayern,Germany
Stadt- und Kreis-Sparkasse Darmstadt,Germany
Stadtsparkasse M ºnchen,Germany
Stadtsparkasse Wuppertal,Germany
SYRACOM AG,Germany
T úV Rheinland Group,Germany
TEMPTON Holding GmbH,Germany
TxB Transaktionsbank GmbH,Germany
UniCredit Research,Germany
Volksbank G ºtersloh eG,Germany
Volksbank Hellweg eG,Germany
Volksbank Kraichgau Wiesloch-Sinsheim eG,Germany
Volksbank Lahr eG,Germany
Volksbank Paderborn-H  xter-Detmold Eg,Germany
Volksbank Raiffeisenbank Bayern Mitte eG,Germany
Volksbank Worms-Wonnegau eG,Germany
VR Bank Main-Kinzig-B ºdingen eG,Germany
Weberbank Actiengesellschaft,Germany
Westdeutsche Kommunal Consult GmbH,Germany
"WGZ BANK AG Westdeutsche Genossenschafts-Zentralbank, Research Division",Germany
Agona Rural Bank Ltd.,Ghana
Alpha Finance AE,Greece
Bank of Cyprus Public Company Limited (Greece),Greece
Cooperative Bank Lesvos Limnos,Greece
Egnatia Securities,Greece
Eurobank Equities Investment Firm S.A.,Greece
"Hellenic Bank Public Company Ltd., Greece",Greece
"National Bank of Greece SA, Research Division",Greece
National Securities Company S.A.,Greece
"New Proton Bank S.A., Research Division",Greece
Panellinia Bank S.A.,Greece
Banco Reformador S.A.,Guatemala
"Banco del Pais, S.A.",Honduras
Banco Financiera Comercial Hondurena S.A.,Honduras
Grupo Financiero Ficohsa S.A.,Honduras
ABN AMRO Fund Services (Asia) Limited,Hong-Kong
Bangkok Bank Public Company Ltd. (Hong Kong),Hong-Kong
Bank of China International Limited,Hong-Kong
BHI Investment Advisors (Asia) Limited,Hong-Kong
"BOCOM International Securities Limited, Research Division",Hong-Kong
CCB International (Holdings) Limited,Hong-Kong
"CCB International Securities Limited, Research Division",Hong-Kong
"CLSA Limited, Research Division",Hong-Kong
CN Intelligence Group Limited,Hong-Kong
"DBS Bank Ltd., Hong Kong Branch",Hong-Kong
ICBC International Research Limited,Hong-Kong
International Registries (Far East) Ltd.,Hong-Kong
KEB Asia Finance Limited,Hong-Kong
Link Resources International Consulting Group Limited,Hong-Kong
RBS Asia Limited,Hong-Kong
Sino Daren Co. Ltd.,Hong-Kong
Standard Chartered Securities (Hong Kong) Limited,Hong-Kong
"The Bank of East Asia, Limited, Research Division",Hong-Kong
Worldsec International Limited,Hong-Kong
Commerzbank Zrt,Hungary
Credigen Bank Zrt.,Hungary
Hanwha Bank Hungary Co. Ltd.,Hungary
MagNet Bank Zrt.,Hungary
Magyar Takar ©ksz  vetkezeti Bank Zrt.,Hungary
"OTP Bank Plc., Research Division",Hungary
Region °lis Fejleszt ©si Holding Zrt.,Hungary
"Arion Bank hf., Research Division",Iceland
ISB Holding ehf.,Iceland
Kirna ehf.,Iceland
Abhyudaya Co-Operative Bank Ltd.,India
Alankit Assignments Ltd.,India
ANZ Capital Private Limited,India
Apna Sahakari Bank Ltd,India
"Asian Markets Securities Private Limited, Research Division",India
BNP Paribas India Holding Private Limited,India
BOB Capital Markets Limited,India
Coalescent Technologies Pvt. Ltd.,India
Crescent Finstock Limited,India
Crisil Risk and Infrastructure Solutions Ltd.,India
Derivium Tradition Securities (India) Pvt. Ltd.,India
"Elara Securities (India) Private Limited, Research Division",India
Gramin Bank of Aryavart,India
Grass Roots Performance Services India Pvt. Ltd.,India
HDFC Securities Limited,India
ICICI Securities Primary Dealership Limited,India
"IDFC Securities Ltd., Research Division",India
"India SME Asset Reconstruction Company, Ltd.",India
Javeri Fiscal Services Ltd.,India
KP Corporate Solutions Limited,India
Latitude Edutech Consulting Pvt Ltd,India
"Mape Securities Private Limited, Research Division",India
Model Co-operative Bank Ltd.,India
Pace Stock Broking Services Pvt. Ltd.,India
Plenty Valley Intra Limited,India
Progressive Co-Operative Bank Ltd.,India
Rajkot Nagarik Sahakari Bank Ltd.,India
Rupee Co-Op Bank Ltd.,India
SBI Capital Markets Limited,India
SBI DFHI Limited,India
Shri Arihant Co Operative Bank Ltd.,India
Shri Mahila Sewa Sahkari Bank Ltd.,India
South Pole Securities Ltd.,India
TeamLease Services Private Ltd,India
The A.P. Mahesh Co-operative Urban Bank Ltd.,India
The Akola Janata Commercial Co-op. Bank Ltd.,India
The Cosmos Co-operative Bank Ltd.,India
The Kapol Co-operative Bank Ltd.,India
The Sahebrao Deshmukh Co-operative Bank Limited,India
TMI e2E Academy Private Limited,India
Lembaga Pengembangan Perbankan Indonesia,Indonesia
PT Bank Chinatrust Indonesia,Indonesia
PT Bank Muamalat Indonesia Tbk,Indonesia
PT Bank Pembangunan Daerah Sumatera Barat,Indonesia
PT Bank Pembangunan Daerah Sumatera Utara,Indonesia
PT Danareksa Research Institute,Indonesia
"PT Indo Premier Securities, Research Division",Indonesia
"PT Mega Capital Indonesia, Research Division",Indonesia
PT Tass Axia Solusi,Indonesia
PT. Bank Lampung,Indonesia
PT. Bank Pembangunan Daerah Riau,Indonesia
"PT. MNC Securities, Research Division",Indonesia
SF Consulting,Indonesia
"The Royal Bank of Scotland N.V., Indonesia Branch",Indonesia
Bank Mellat Brokerage Co.,Iran
Middle East Bank,Iran
Bank of Ireland Global Markets,Ireland
Barclays Bank Ireland Public Limited Company,Ireland
Merrill Lynch International Bank Limited,Ireland
Sysxnet Limited,Ireland
TD Global Finance,Ireland
The Bank of New York Mellon (Ireland) Limited,Ireland
Ulster Bank Finance PLC,Ireland
WGZ Bank Ireland plc,Ireland
"Bank Leumi Le-Israel BM, Research Division",Israel
"Bank of Jerusalem Ltd., Research Division",Israel
Bank Poaley Agudat Israel Ltd.,Israel
Citi International Personal Bank (Israel),Israel
"Excellence Nessuah Brokerage Services Ltd., Research Division",Israel
"First International Bank of Israel Ltd., Research Division",Israel
Ilanot Batucha Capital Markets (1993) Ltd.,Israel
Israel Bank of Agriculture Ltd,Israel
Mercantile Discount Bank Ltd.,Israel
Tefahot Israel Mortgage Bank Ltd,Israel
TopNotch Capital,Israel
Banca Antonveneta S.p.A.,Italy
Banca Carime S.p.A.,Italy
Banca Cremasca Credito Cooperativo Soc. Coop.,Italy
Banca di Bergamo SpA,Italy
Banca di Ciampino Credito Cooperativo scpa a rl,Italy
Banca di Credito Cooperativo di Cambiano S.c.r.l.,Italy
Banca di Credito Cooperativo di Corinaldo S. C.,Italy
Banca di Credito Cooperativo di Fiumicello e Aiello,Italy
Banca Di Credito Cooperativo Di Offanengo Scarl,Italy
Banca Ifigest S.P.A.,Italy
Banca Mediolanum S.p.A,Italy
BANCA MONTE PARMA SpA,Italy
Banca Popolare del Meridione,Italy
Banca Popolare delle Province Molisane S.C.P.A A.R.L,Italy
Banca Popolare Di Bergamo S.p.A.,Italy
Banca Regionale Europea Societ † per Azioni,Italy
Banca Valsabbina S.C.p.A.,Italy
Bipiemme Private Banking SIM SpA,Italy
Cassa di Risparmio di Cesena S.p.A.,Italy
Cassa di Risparmio di Parma e Piacenza SpA,Italy
Cassa di Risparmio di Vignola S.p.A.,Italy
Cassa Rurale della Valle dei Laghi - Banca Di Credito Cooperativo,Italy
Cassa Rurale di Trento,Italy
Cassa Rurale e Artigiana di Boves Banca di Credito Cooperativo Scrl,Italy
Casse del Centro S.p.A.,Italy
Credito Cooperativo Mediocrati S.c.r.l.,Italy
Credito Siciliano S.p.A.,Italy
e-MID SIM S.p.A.,Italy
Eurobanca del Trentino s.p.a.,Italy
GSC Proxitalia SPA,Italy
Iccrea Banca S.p.A.,Italy
Istituto Bancario del Lavoro S.p.A.,Italy
Livolsi & Partners SpA,Italy
Mida S.p.A.,Italy
MPS Capital Services Banca per le Imprese S.p.A.,Italy
Nomisma Spa,Italy
SGSS S.p.A.,Italy
State Street Bank S.p.A.,Italy
Unipol Banca S.p.A.,Italy
Capital & Credit Securities Ltd.,Jamaica
ABN AMRO Securities (Japan) Limited,Japan
"Ashikaga Bank, Ltd.",Japan
Backs Group Inc.,Japan
Barclays Securities Japan Limited,Japan
Credit Suisse Trust and Banking Co.,Japan
Daiwa Bank Ltd.,Japan
Dresdner Kleinwort (Japan) Limited,Japan
"Gomez Consulting Co., Ltd.",Japan
"Hamagin Tokai Tokyo Securities Co., Ltd.",Japan
"Hokuto Bank, Ltd.",Japan
Intellectual Property Bank Corp.,Japan
"Japan Trustee Services Bank, Ltd.",Japan
K.K. Kadoya Shokai,Japan
Lloyds Bank,Japan
RBS Securities Japan Limited,Japan
"Recruit Career Co., Ltd.",Japan
"Resona Bank, Ltd.",Japan
"Resona Trust & Banking Co.,Ltd.",Japan
Shinginko Tokyo Ltd.,Japan
State Bank of India Japan,Japan
"State Street Trust and Banking Co., Ltd.",Japan
"The Bank of New York Mellon Trust (Japan), Limited",Japan
"The Bank of New York Mellon, Tokyo Branch",Japan
The Gifu Shinkin Bank Ltd.,Japan
"The Hokoku Bank, Ltd.",Japan
"The Master Trust Bank of Japan, Ltd.",Japan
"The Nomura Trust and Banking Co., Ltd.",Japan
"The Norinchukin Trust & Banking Co., Ltd.",Japan
The Okazaki Shinkin Bank,Japan
The Osaka City Shinkin Bank,Japan
The Tama Shinkin Bank,Japan
The Tokyo Higashi Shinkin Bank,Japan
"The Tokyo Star Bank, Limited",Japan
Al Awael International Securities,Jordan
"Jordan Ahli Bank, Research Division",Jordan
Standard Chartered Bank Jordan,Jordan
Al Hilal Islamic Bank JSC,Kazakhstan
Almaty International Bank,Kazakhstan
ATFBank Research,Kazakhstan
Eximbank Kazakhstan JSC,Kazakhstan
ForteBank Joint Stock Company,Kazakhstan
JSC Citibank Kazakhstan,Kazakhstan
JSC Troika Dialog Kazakhstan,Kazakhstan
Ecobank Kenya Limited,Kenya
Kingdom Securities Limited,Kenya
NIC Securities Limited,Kenya
ARA Marketing Research & Consultancy,Kuwait
HSBC Kuwait,Kuwait
"NBK Capital, Research Division",Kuwait
SOS Group,Kuwait
ATF Bank-Kyrgyzstan OJSC,Kyrgyzstan
AS Citadele banka,Latvia
AS GE Capital Latvia,Latvia
"JSC Rietumu Banka, Research Division",Latvia
SIA Baltijas Izaugsmes Grupa,Latvia
Arqaam Capital Research Offshore S.A.L.,Lebanon
"Bank Audi sal - Audi Saradar Group, Research Division",Lebanon
Banque LATI Sal,Lebanon
"Byblos Bank S.A.L, Research Division",Lebanon
First National Bank S.A.L.,Lebanon
North Africa Commercial Bank S.A.L.,Lebanon
Syrian Lebanese Commercial Bank S.A.L.,Lebanon
Afriland First Bank Liberia Limited,Liberia
ECOBANK Liberia Limited,Liberia
National Commercial Bank SAL,Libya
Banque Pasche (Liechtenstein) SA,Liechtenstein
EFG Bank von Ernst AG,Liechtenstein
"AB Bankas Finasta, Research Division",Lithuania
Nordea Bank Lithuania,Lithuania
Clearstream Banking S.A.,Luxembourg
Credem International (Lux) S.A.,Luxembourg
EFG Bank (Luxembourg) S.A.,Luxembourg
HSH Nordbank Private Banking S.A.,Luxembourg
Nomura Bank Luxembourg S.A.,Luxembourg
Pictet & Cie (Europe) S.A.,Luxembourg
SB Capital S.A.,Luxembourg
SG Issuer S.A.,Luxembourg
UniCredit International Bank (Luxembourg) S.A.,Luxembourg
"Van Lanschot Bankiers S.A., Research Division",Luxembourg
VP Bank (Luxembourg) S.A.,Luxembourg
Central Cooperative Bank AD Skopje,Macedonia
Banque Malgache De L'Ocean Indien S.A.,Madagascar
Alliance Islamic Bank Berhad,Malaysia
AmIslamic Bank Berhad,Malaysia
Bangkok Bank Berhad,Malaysia
CIMB Bank (L) Limited,Malaysia
CIMB Securities Sdn Bhd,Malaysia
Harlow's (Malaysia) Sdn Bhd,Malaysia
HSBC (Malaysia) Trustee Berhad,Malaysia
HSBC Amanah Malaysia Berhad,Malaysia
Standard Chartered Bank Malaysia Berhad,Malaysia
Standard Chartered Saadiq Malaysia Berhad,Malaysia
Banif Bank (Malta) plc,Malta
Banque Mauritanienne pour le Commerce International,Mauritania
"Acciones y Valores Banamex, S.A. de C.V., Casa de Bolsa, Integrante del Grupo Financiero Banamex",Mexico
Banco Deuno,Mexico
"Banco Inbursa, S.A., Instituci  n de Banca M  ltiple, Grupo Financiero Inbursa",Mexico
Banco Monex SA Instituci  n de Banca M  ltiple Monex Grupo Financiero,Mexico
"Banco Ve por M °s, S.A., Instituci  n de Banca M  ltiple, Grupo Financiero Ve por M °s",Mexico
Barclays Bank Mexico S.A.,Mexico
"BBVA Bancomer, S.A.",Mexico
"Casa de Bolsa Banorte - Ixe, S.A de C.V.",Mexico
Casa de Cambio Majapara S.A. de C.V.,Mexico
"Grupo Financiero Barclays Mexico, S.A. de C.V.",Mexico
Mexican Bank Charter,Mexico
Banca Comerciala Banca Sociala S.A.,Moldova
Banque de Gestion Edmond de Rothschild Monaco,Monaco
Citibank Monte Carlo Branch,Monaco
EFG Eurofinanciere D'investissements S.A.M.,Monaco
Norman Alex,Monaco
SG Private Banking (Monaco) S.A.M.,Monaco
"Invest Banka Montenegro A.D., Podgorica",Montenegro
"Banco  önico, SA",Mozambique
Moza Banco SA,Mozambique
Asia Green Development Bank Limited,Myanmar
First National Bank Of Namibia Ltd.,Namibia
Api Finance Limited,Nepal
Chhimek Laghubitta Bikas Bank Limited,Nepal
Clean Energy Development Bank Ltd.,Nepal
First Microfinance Development Bank Limited,Nepal
General Finance Limited (Bittiya Sanstha),Nepal
Innovative Development Bank Limited,Nepal
International Development Bank Ltd.,Nepal
Jebil's Finance Limited,Nepal
Jyoti Bikash Bank Ltd.,Nepal
Mission Development Bank Limited,Nepal
Miteri Development Bank Limited,Nepal
Mount Makalu Development Bank Ltd.,Nepal
Nabil Bank Limited,Nepal
Narayani National Finance Limited,Nepal
Nepal Share Markets & Finance Ltd.,Nepal
Nirdhan Utthan Bank Limited,Nepal
Pacific Development Bank Ltd,Nepal
Paschimanchal Grameen Bikas Bank Limited,Nepal
Purnima Bikas Bank Limited,Nepal
Standard Chartered Bank Nepal Ltd.,Nepal
Western Development Bank Limited,Nepal
"ABN AMRO Bank N.V., Research Division",Netherlands
ABN AMRO MeesPierson,Netherlands
Achmea Bank N.V.,Netherlands
Asset Repackaging Trust Five B.V.,Netherlands
Concordia Holding SARL,Netherlands
Deutsche Bank Nederland N.V.,Netherlands
Dutch MBS XVIII B.V.,Netherlands
Ereon BV,Netherlands
Netspar,Netherlands
Nobel Asset Management,Netherlands
Rabobank Equity Research,Netherlands
Staal Bank N V,Netherlands
Theodoor Gilissen Bankiers N.V.,Netherlands
"Theodoor Gilissen Bankiers N.V., Research Division",Netherlands
VNU Vacature Media B.V.,Netherlands
ASB Finance Limited,New-Zealand
ASB Securities Limited,New-Zealand
"The Bank of Tokyo-Mitsubishi UFJ, Ltd., Auckland Branch",New-Zealand
"The Hongkong and Shanghai Banking Corporation Limited, New Zealand Branch",New-Zealand
Vortex Technology Services Limited,New-Zealand
Westaff NZ Ltd.,New-Zealand
"Afrinvest (West Africa) Limited, Research Division",Nigeria
First Interstate Bank Plc.,Nigeria
First Registrars Nigeria Limited,Nigeria
Habib Bank Nigeria Ltd.,Nigeria
Metropolitan Bank Limited,Nigeria
UBA Stockbrokers Limited,Nigeria
A. Sundvall ASA,Norway
"Arctic Securities AS, Research Division",Norway
Bank2 ASA,Norway
BN Bank ASA,Norway
CIK AS,Norway
"Danske Bank A/S, Norway Branch",Norway
Eidsberg Sparebank,Norway
Flekkefjord Sparebank,Norway
GE Money Bank,Norway
Kaupthing Norge AS,Norway
Kvinesdal Sparebank,Norway
NENA AS,Norway
Norsk Bedriftsmegling AS,Norway
Rygir Industrier AS,Norway
SpareBank 1 Gruppen AS,Norway
"Sparebank 1 Markets AS, Research Division",Norway
Sparebank 1 Nordvest,Norway
Sparebank 1 Skadeforsikring AS,Norway
Sparebanken Sogn Og Fjordane,Norway
"Swedbank Norge AS, Research Division",Norway
Al Ahlia Securities Company SAOG,Oman
"BankMuscat SAOG, Research Division",Oman
Oman Housing Bank S.A.O.C.,Oman
"Standard Chartered Bank, Oman",Oman
AL Habib Capital Markets (Private) Limited,Pakistan
"KASB Securities Limited, Research Division",Pakistan
Punjab Provincial Co-operative Bank Limited,Pakistan
Rozgar Microfinance Bank Limited,Pakistan
Grupo Mundial Tenedora SA,Panama
"Prival Bank, S.A.",Panama
Banco De Comercio,Peru
Banco Interamericano de Finanzas S.A.,Peru
Banco Santander Per   S.A.,Peru
"Inteligo SAB, Research Division",Peru
Scotia Sociedad Titulizadora S.A.,Peru
Bridge,Philippines
"Coop. Rural Bank of Pampanga, Inc",Philippines
Katipunan Bank (Zamboanga del Norte),Philippines
Network Consolidated Cooperative Bank,Philippines
"New Rural Bank of Victorias, Inc.",Philippines
One Network Rural Bank Inc.,Philippines
"Planbank Rural Bank of Canlubang Planters, Inc.",Philippines
Planters Development Bank,Philippines
Producers Savings Bank Corporation,Philippines
"Rural Bank of Angeles, Inc.",Philippines
Rural Bank of New Corella Inc.,Philippines
"Standard Chartered Bank, Philippines",Philippines
UCPB Savings Bank,Philippines
"UCPB Securities, Inc.",Philippines
Water and Energy Bank,Philippines
Agencja Rynku Energii S.A.,Poland
"Bank BPH SA, Research Division",Poland
Bank Gospodarstwa Krajowego,Poland
"Bank Handlowy W Warszawie SA, Research Division",Poland
Bank Staropolski S.A.,Poland
Dom Maklerski Banku BPS S.A.,Poland
"Dom Maklerski Banku BPS S.A., Research Division",Poland
"Dom Maklerski Banku Ochrony Srodowiska S.A., Research Division",Poland
Dom Maklerski BZ WBK S.A.,Poland
"Dom Maklerski mBanku S.A., Research Division",Poland
Erste Securities Polska S.A.,Poland
FS Holding S.A.,Poland
Gospodarczy Bank Spoldzielczy W Barlinku,Poland
KBL European Private Bankers S.A. Sp  lka Akcyjna - Oddzial w Polsce,Poland
Krajowa Agencja Poszanowania Energii S.A.,Poland
Millennium BIG Bank S.A.,Poland
"Noble Securities SA, Research Division",Poland
"PKO BP Securities, Research Division",Poland
"Sygma Banque S.A, Oddzial w Polsce",Poland
"Banco de Investimento Global, S.A.",Portugal
Hire & Trust,Portugal
"Montepio Holding, S.G.P.S., S.A.",Portugal
"Novo Banco, S.A.",Portugal
O Banco BIC Portugu ™s S.A.,Portugal
BMI Qatar,Qatar
"Commercialbank Capital, Research Division",Qatar
HSBC Bank Middle East Limited - Qatar Branch,Qatar
Mashreq Bank - Qatar Branch,Qatar
QNB Capital LLC,Qatar
"Standard Chartered Bank, Qatar",Qatar
Banque de Developpement des Etats de l'Afrique Centrale,Republic-of-the-Congo
Mining Bank of Congo,Republic-of-the-Congo
ProCredit Bank Congo S.A.R.L,Republic-of-the-Congo
EFG Eurobank Securities S.A.,Romania
Emporiki Bank-Romania S.A.,Romania
Libra Internet Bank S.A.,Romania
"Raiffeisen Bank SA, Research Division",Romania
SSIF Intercapital Invest SA,Romania
"""Commercial Bank """"Garanti Bank - Moscow"""" (ZAO)""",Russia
"""Joint-Stock Commercial Bank """" Izhkombank""""""",Russia
"""Kommercheskiy Bank """"ROSSIYSKIY PROMYSHLENNIY BANK"""" (Obschestvo s Ogranichennoy Otvetsvennostyu)""",Russia
"""OAO """"Rosevrobank""""""",Russia
"""OJSC """"St. Petersburg Industrial Joint-Stock Bank""""""",Russia
AB Devon-Kredit,Russia
AKB Slavprombank,Russia
AOZT Social Development Bank Tatasotsbank,Russia
Bank EEFC-Siberia JSC,Russia
Bank Rossiysky Capital Open Joint Stock Company,Russia
"Bank ZENIT, Research Division",Russia
"BFA Bank, Research Division",Russia
BNP Paribas ZAO,Russia
CITILINK,Russia
CJSC Sbercred Bank,Russia
CJSC SovEcon,Russia
Closed Joint Stock Company Mortgage Agent Fora,Russia
Commercial Bank Renaissance Credit Limited Liability Company,Russia
"Credit Europe Bank Ltd., Research Division",Russia
Derzhava Bank,Russia
Donaktivbank Joint-Stock Commercial Bank,Russia
Dragotsennosti Urala Bank,Russia
East-European Commercial Bank,Russia
EtalonBank,Russia
Exect Partners Group,Russia
Expobank Limited Liability Company,Russia
Far East and Baikal Development Fund,Russia
"FERROBANK, LLC",Russia
First United Bank JSC,Russia
"Gazprombank (Open Joint - stock Company), Research Division",Russia
IRONBANK Joint-Stock Commercial Bank,Russia
Joint Stock Commercial Bank Finprombank Open Joint Stock Company,Russia
Joint Stock Commercial Bank INTERPROMBANK,Russia
Joint-Stock Commercial Bank IntrustBank,Russia
Joint-stock Company BystroBank,Russia
JSC Bank Zarechye,Russia
JSC Commercial Bank DNB Bank,Russia
JSC Komiregionbank Ukhtabank,Russia
JSC St. Petersburg City Bank,Russia
Kamchatka Commercial Agroindustrial Bank Joint Stock Company,Russia
Kedr Commercial Bank CJSC,Russia
Leto Bank OJSC,Russia
LLC CB iMoneyBank,Russia
LMC Group Ltd,Russia
Master-Bank (JSB),Russia
MDM Research,Russia
Metcombank OAO,Russia
Narodniy Credit Bank OJSC,Russia
National Capital CJSC,Russia
National Reserve Bank,Russia
Navigator Bank Open Joint-Stock Company,Russia
NOTA-Bank (Open Joint-Stock Company),Russia
OAO Bank of Khakassia,Russia
OAO Khimik Commercial Bank,Russia
OAO Swedbank,Russia
OCEAN BANK,Russia
"OJSC Bank Saint Petersburg, Research Division",Russia
OJSC CB Regional Credit Bank,Russia
OJSC Idea Bank,Russia
OJSC Nordea Bank,Russia
OJSC Spiritbank,Russia
OJSC Ural Transport Bank,Russia
OOO HSBC Bank (RR),Russia
OOO Merrill Lynch Securities,Russia
OOO Morgan Stanley Bank,Russia
OOO My Bank,Russia
OOO Strategy Partners,Russia
Open Joint Stock Company Commercial Bank AB Finance,Russia
Open Joint Stock Company Commercial Bank Poidem!,Russia
Open Joint Stock Company Commercial Bank Stroykredit,Russia
"Open Joint Stock Company NOMOS BANK, Research Division",Russia
Open Joint Stock Company Orient Express Bank,Russia
Open Joint Stock Social Commercial Bank of Primorye Primsotsbank,Russia
Open Joint-Stock Company Commercial Investment-Trust Bank Kazanskiy,Russia
Open Joint-Stock Company investment Commercial Bank Sovcombank,Russia
Piko Bank,Russia
Prio-Vneshtorgbank,Russia
Pristav Debt Collection Agency,Russia
Priupskbank Joint-Stock Commercial Bank,Russia
PromServiceBank LLC,Russia
PV-Bank (ZAO),Russia
Regional Credit Commercial Bank,Russia
"Renaissance Capital, Research Division",Russia
Rostov Universal Bank,Russia
Rudmetprom LLC,Russia
Rus-Bank OAO,Russia
Ruskobank Ltd.,Russia
Russian Bank for Project Financing,Russia
Sberbank Investment Research,Russia
Siberian Business Development Bank OJSC,Russia
Solid Bank CJSC,Russia
Soyuz AKB,Russia
STRATEGIYA Commercial Joint-Stock Bank Open Joint-Stock Company,Russia
Urals Innovation Commercial Bank Uralinkombank Limited Liability Company,Russia
Volga-Credit Bank OAO,Russia
Zapadniy Bank Open Joint-Stock Company,Russia
"Zerich Capital Management, Research Division",Russia
Kenya Commercial Bank Rwanda S.A.,Rwanda
Development Bank of St. Kitts & Nevis,Saint-Kitts-and-Nevis
"Bank Albilad, Research Division",Saudi-Arabia
Deutsche Securities Saudi Arabia LLC,Saudi-Arabia
Islamic Development Bank Group,Saudi-Arabia
Itqan Capital,Saudi-Arabia
"Riyad Bank, Research Division",Saudi-Arabia
"The National Commercial Bank, Research Division",Saudi-Arabia
Ecobank Senegal SA,Senegal
Continental banka a.d.,Serbia
MB Banka a.d.,Serbia
"Poljoprivredna banka Agrobanka a.d., Beograd",Serbia
Asian Strategies Pte. Ltd.,Singapore
Bank of Singapore Limited,Singapore
"Barclays Bank Plc, Singapore Branch",Singapore
BNP Paribas Wealth Management Singapore Branch,Singapore
"CIMB Bank Berhad, Singapore Branch",Singapore
"DBS Bank Ltd., Research Division",Singapore
"Deutsche Bank AG, Singapore Branch",Singapore
Far Eastern Bank Limited,Singapore
i-Admin (S) Pte. Ltd.,Singapore
IndianBank Singapore,Singapore
KBC Bank (Singapore) Limited,Singapore
Landesbank Baden-W ºrttemberg Singapore Branch,Singapore
"Maybank Kim Eng Holdings Limited, Research Division",Singapore
Maybank Singapore,Singapore
NIBC Bank Ltd.,Singapore
Nordea Bank Finland Plc Singapore Branch,Singapore
Rabobank International Singapore Branch,Singapore
RBS Coutts Bank Ltd,Singapore
Toronto Dominion (South East Asia) Ltd.,Singapore
"HSBC Bank plc, Slovakia",Slovakia
Prva Stavebna Sporitelna a.s.,Slovakia
Hypo Alpe-adria-bank D.d.,Slovenia
Medvasek Pusnik Inc.,Slovenia
Postna Banka Slovenije d.d.,Slovenia
Ward Howell Euroselect,Slovenia
Investec Capital Markets,South-Africa
Legae Securities (Pty) Ltd.,South-Africa
Nedbank Capital,South-Africa
"Nedbank Capital, Research Division",South-Africa
Nedgroup Securities (Pty) Ltd.,South-Africa
Ovations,South-Africa
SIB Holdings Limited,South-Africa
"Chinae Savings Bank Co.,Ltd.",South-Korea
Citigroup Korea Inc.,South-Korea
"Golden Bridge Savings Bank Co.,Ltd",South-Korea
Gongpyung Savings Bank,South-Korea
"Gyeonggi Savings Bank Co., Ltd.",South-Korea
Haesol Savings Bank,South-Korea
"Hanwha Savings Bank Co., Ltd.",South-Korea
HK Mutual Savings Bank,South-Korea
"IRKUDOS Co., Ltd.",South-Korea
"KEB Futures Co., Ltd.",South-Korea
Korea Mutual Savings Bank,South-Korea
ORIX Savings Bank,South-Korea
"Seoul Mutual Savings Bank Co., Ltd.",South-Korea
"Shinmin Mutual Savings Bank Co., Ltd.",South-Korea
"Standard Chartered Savings Bank Korea Co., Ltd.",South-Korea
"Uamco., Ltd.",South-Korea
"V Bank Consulting CO., Ltd.",South-Korea
Banco Alcal ° SA,Spain
"Banco de Castilla-La Mancha, S.A.",Spain
"Banco Grupo Cajatres, S.A.U.",Spain
"Bankinter Sociedad de Financiaci  n, S.A.",Spain
"Bankinter, S.A., Research Division",Spain
Caja de Ahorros de la Inmaculada de Arag  n,Spain
Caja de Ahorros de Santander y Cantabria,Spain
Caja De Ahorros Y Monte De Piedad De Segovia,Spain
"Caja Duero Capital, S.A.",Spain
"Caja Rural Castell  n-S. Isidro, S.C.C.V.",Spain
"Caja Rural de Navarra, Sociedad Cooperativa de Cr ©dito",Spain
"Caja Rural de Soria, S.C.C.",Spain
"Caja Rural de Toledo, Sociedad Cooperativa de Cr ©dito",Spain
Cajasol Participaciones Preferentes S.A.U.,Spain
Exeller SL,Spain
"Grupo Empresarial Inmark, S.A.",Spain
Grupo Gutsen & Vergelsa SL,Spain
Indigo Value Analysis,Spain
"IOR Consulting, S.A.",Spain
Monte de Piedad y Caja General de Ahorros de Badajoz,Spain
Mormedi S.A.,Spain
"Xperience Consulting, SL",Spain
Cargills Bank Ltd.,Sri-Lanka
MCB Bank Sri Lanka,Sri-Lanka
"Public Bank Berhad, Colombo Branch",Sri-Lanka
"Standard Chartered Bank, Sri Lanka",Sri-Lanka
"State Bank of India, Colombo Branch",Sri-Lanka
Al Jazeera Sudanese Jordanian Bank,Sudan
Savings & Social Development Bank,Sudan
Sudanese Egyptian Bank,Sudan
AktieTorget Holding AB,Sweden
Danske Bank Sverige AB,Sweden
"Erik Penser Bankaktiebolag, Research Division",Sweden
GE Capital Bank AB,Sweden
"Handelsbanken Capital Markets, Research Division",Sweden
Neonet AB,Sweden
Nordals H §rads Sparbank,Sweden
Nordea Markets AB,Sweden
S  rmlands Sparbank,Sweden
Sparbanken Rekarne,Sweden
"Swedbank Large Corporates & Institutions, Research Division",Sweden
Tidaholms Sparbank,Sweden
UC AB,Sweden
Antaes SA,Switzerland
Banca Commerciale Lugano SA,Switzerland
"Bank am Bellevue AG, Research Division",Switzerland
Bank Hapoalim (Switzerland) Ltd.,Switzerland
Bank J. Safra Sarasin Investment Research,Switzerland
Banque Genevoise de Gestion,Switzerland
Banque Priv ©e Espirito Santo SA,Switzerland
Banque Romande Valiant SA,Switzerland
Banque Thaler SA,Switzerland
Cashgate AG,Switzerland
Clientis AG,Switzerland
Compagnie Priv ©e de Conseils et d'Investissements S.A.,Switzerland
Credit Suisse Private Banking SA,Switzerland
Deka (Swiss) Privatbank AG,Switzerland
"Dukascopy Bank SA, Research Division",Switzerland
Entris Banking AG,Switzerland
Finter Bank Z ºrich AG,Switzerland
Helvea SA,Switzerland
Hottinger & Cie SA,Switzerland
Hyposwiss Private Bank Ltd.,Switzerland
J&T Bank Switzerland Ltd.,Switzerland
LGT Bank (Switzerland) Ltd.,Switzerland
Liechtensteinische Landesbank (Switzerland) AG,Switzerland
Mizuho Bank (Switzerland) Ltd.,Switzerland
"Neue Helvetische Bank AG, Research Division",Switzerland
Nordkap Bank Ag,Switzerland
Privatbank IHAG Z ºrich AG,Switzerland
Roy C. Hitchman AG,Switzerland
Sberbank (Switzerland) AG,Switzerland
Sella Bank AG,Switzerland
Societe Generale Private Banking (Lugano-Svizzera) SA,Switzerland
Swissquote Bank,Switzerland
Trafina Privatbank AG,Switzerland
VT Wealth Management AG,Switzerland
W ºest & Partner AG,Switzerland
Worldwide Equity Research AG,Switzerland
Fransabank Syria SA,Syria
Syrian International Islamic Bank SA,Syria
Bank of Panhsin,Taiwan
"Chinfon Commercial Bank Co., Ltd.",Taiwan
The Export-Import Bank of The Republic Of China,Taiwan
Barclays Bank Tanzania Limited,Tanzania
Citibank Tanzania Limited,Tanzania
I&M Bank (T) Ltd.,Tanzania
Kenya Commercial Bank (Tanzania) Limited,Tanzania
Credit Lyonnais Bangkok,Thailand
IT Absolute Securities Company Limited,Thailand
Krungsri Securities Public Company Limited,Thailand
"Mega International Commercial Bank Public Co., Ltd.",Thailand
Banque Ouest Africaine Du Developpement,Togo
Banque Togolaise de D ©veloppement SA,Togo
Citicorp Merchant Bank Limited,Trinidad
Arap Turk Bankasi Anonim Sirketi,Turkey
Bankalararasi Kart Merkezi A.S.,Turkey
Deniz Yatirim Menkul Degerler A.S.,Turkey
Diler Yatirim Bankasi A.S.,Turkey
Garanti Yatirim Menkul Kiymetler A.S.,Turkey
Istanbul Takas ve Saklama Bankasi Anonim Sirketi,Turkey
"Nurol Yatirim Bankasi A.S., Research Division",Turkey
"Odea Bank A.S., Research Division",Turkey
"OYAK Yatirim Menkul Degerler A.S., Research Division",Turkey
"TEB Yatirim Menkul Degerler A.S., Research Division",Turkey
"Turkiye Is Bankasi A.S., Research Division",Turkey
"Turkiye Sinai Kalkinma Bankasi A.S., Research Division",Turkey
WESTLB AG Head Office D ºsseldorf Istanbul Main Branch,Turkey
DFCU Bank Ltd.,Uganda
Kenya Commercial Bank Uganda Limited,Uganda
PostBank Uganda Ltd.,Uganda
"""Joint-Stock Commercial Innovation Bank """"UkrSibbank"""", Research Division""",Ukraine
"""OJSC """"CB"""" Accordbank""",Ukraine
Aktsept Bank,Ukraine
"AXIOMA Bank, PubJSC",Ukraine
Bank Cambio PJSC,Ukraine
"Foyil Securities, Research Division",Ukraine
Motor-Bank PJSC,Ukraine
OJSC Astra Bank,Ukraine
OJSC Bank 3/4,Ukraine
OJSC BG Bank,Ukraine
Open Joint Stock Company Commercial Bank Standard,Ukraine
Open Joint Stock Company REAL BANK,Ukraine
PJSC Bank Kontrakt,Ukraine
PJSC Commercial Bank Daniel,Ukraine
PJSC MetaBank,Ukraine
PJSC Poltava Bank,Ukraine
PJSC Ukrainian Capital Bank,Ukraine
Premium Bank,Ukraine
Public Joint Stock Company Bank Demark,Ukraine
Public Joint Stock Company Commercial Bank Interbank,Ukraine
Public Joint Stock Company Deutsche Bank DBU,Ukraine
Public Joint Stock Company Idea Bank,Ukraine
Public Joint Stock Company Region BANK,Ukraine
Public Joint-Stock Company Bank National Credit,Ukraine
Public Joint-Stock Company Bank of Professional Finance,Ukraine
Public Joint-Stock Company Joint-Stock Commercial Bank Basis,Ukraine
State Savings Bank of Ukraine,Ukraine
Terra Bank JSC,Ukraine
Ukrainian Credit Bank CJSC,Ukraine
Ukrainian Interbank Currency Exchange,Ukraine
Al Dhabi Brokerage Services L.L.C.,United-Arab-Emirates
"HSBC Bank Middle East Limited (Abu Dhabi, UAE)",United-Arab-Emirates
HSBC Middle East Securities LLC,United-Arab-Emirates
Mediastow FZ LLC,United-Arab-Emirates
"National Bank of Abu Dhabi PJSC, Research Division",United-Arab-Emirates
NBAD Securities LLC,United-Arab-Emirates
Professional Investment Consultants (Middle East) Ltd,United-Arab-Emirates
PRS Business Management Consultants,United-Arab-Emirates
The Royal Bank of Scotland Plc,United-Arab-Emirates
Adam & Company Group Plc,United-Kingdom
AECOM Ltd.,United-Kingdom
Agnitio Capital Limited,United-Kingdom
Alexa Capital LLP,United-Kingdom
AMTEC Consulting plc,United-Kingdom
Anthemis Edge,United-Kingdom
Anthemis Talent,United-Kingdom
Aqua Resources Group Limited,United-Kingdom
Ashgroves Corporate Services Limited,United-Kingdom
Atlantic Equities LLP,United-Kingdom
Atlas Capital Group Holding S.A.,United-Kingdom
"Banco Esp  rito Santo, S.A., London Branch",United-Kingdom
Bank of Ireland UK Holdings plc,United-Kingdom
Bank of Scotland Structured Asset Finance Limited,United-Kingdom
Bankers Trust Company,United-Kingdom
Barclays Capital Securities Limited,United-Kingdom
Barclays Direct,United-Kingdom
Barclays Private Bank,United-Kingdom
Barclays SLCSM (No.1) Limited,United-Kingdom
Barclays Wealth Management,United-Kingdom
Bluestone Credit Management Limited,United-Kingdom
BMO Capital Markets Limited,United-Kingdom
BNY Mellon Trust & Depositary (UK) Limited,United-Kingdom
British Linen Advisers Limited,United-Kingdom
Cardno IT Transport Ltd,United-Kingdom
Chemair Limited,United-Kingdom
China Construction Bank (London) Limited,United-Kingdom
Clayton Euro Risk Limited,United-Kingdom
Compass Management Consulting Ltd.,United-Kingdom
Concept IT Ltd.,United-Kingdom
CR Energy Ltd.,United-Kingdom
Crossbridge Capital LLP,United-Kingdom
Curtis Banks Ltd,United-Kingdom
Daiwa Securities Trust and Banking (Europe) PLC,United-Kingdom
DB UK Bank Limited,United-Kingdom
eRecruit Solutions Ltd,United-Kingdom
Ernst & Young UK,United-Kingdom
Euroclear Bank,United-Kingdom
European American Securities Inc.,United-Kingdom
"First National Bank, Plc",United-Kingdom
Gardiner & Theobald Fairway Limited,United-Kingdom
Gatehouse Bank PLC,United-Kingdom
Genesis Associates (UK) Ltd.,United-Kingdom
Greenwich Europe Ltd.,United-Kingdom
Hardies LLP,United-Kingdom
Hb Retinue Ltd,United-Kingdom
HornbyChapman Ltd,United-Kingdom
Hutton Consulting,United-Kingdom
Impact Executives Interim Management,United-Kingdom
ING Real Estate Capital Advisors,United-Kingdom
Institute of Islamic Banking and Insurance,United-Kingdom
Interim Performers,United-Kingdom
Investec Henderson Crosthwaite Securities,United-Kingdom
Investment Property Databank Ltd.,United-Kingdom
Investment Property Databank Ltd.,United-Kingdom
Ipa Energy + Water Economics Limited,United-Kingdom
JATO Dynamics Ltd,United-Kingdom
JP Banking Solutions Ltd.,United-Kingdom
Knight Libertas UK Limited,United-Kingdom
Knightsbridge Business Sales Plc,United-Kingdom
Levy Associates Limited,United-Kingdom
Lombard Street Research Limited,United-Kingdom
London Commodity Brokers Ltd.,United-Kingdom
Market Dynamics Research & Consulting Ltd.,United-Kingdom
Meadowbank Associates Ltd.,United-Kingdom
Metapraxis Ltd.,United-Kingdom
MIR Securities Limited,United-Kingdom
Mitsubishi UFJ Trust International Limited,United-Kingdom
Mott Macdonald Group Limited,United-Kingdom
MSS Health & Safety Limited,United-Kingdom
National Australia Group Europe Limited,United-Kingdom
National Bank of Kuwait (International) PLC,United-Kingdom
NBG Finance plc,United-Kingdom
New Markets Research Ltd,United-Kingdom
Noble Grossart Limited,United-Kingdom
Norwich Enterprise Centre,United-Kingdom
P  yry Management Consulting (UK) Limited,United-Kingdom
P.S. Computer Services Limited,United-Kingdom
Payment Systems Europe Limited,United-Kingdom
PBD Consulting Limited,United-Kingdom
Pointon York SIPP Solutions Limited,United-Kingdom
Project Management Support Services Ltd.,United-Kingdom
Pyramid Research Inc.,United-Kingdom
R. Raphael & Sons plc,United-Kingdom
RBC Europe Limited,United-Kingdom
RBS Global Banking and Markets,United-Kingdom
"Retail Banking Research, Ltd.",United-Kingdom
Rethink Research Associates Limited,United-Kingdom
Sainsbury's Bank plc,United-Kingdom
Scoban PLC,United-Kingdom
Scorpio Partnership Ltd.,United-Kingdom
ScotiaMocatta,United-Kingdom
Secura Monde International Limited,United-Kingdom
Singleton Clamp & Partners Limited,United-Kingdom
SMBC Nikko Capital Markets Limited,United-Kingdom
Stanbic Africa Holdings Limited,United-Kingdom
State Bank of India (London Branch),United-Kingdom
Sterling International Brokers Limited,United-Kingdom
Sterne Agee UK LLP,United-Kingdom
StormHarbour Securities LLP,United-Kingdom
"STR Global, Ltd.",United-Kingdom
Survivex Limited,United-Kingdom
Sutherland Strategy Limited,United-Kingdom
The Energy Solutions Group Bidco Limited,United-Kingdom
The FD Centre Limited,United-Kingdom
The Home & Savings Bank,United-Kingdom
The LearningWorld Partnership Ltd,United-Kingdom
The WM Company,United-Kingdom
TSB Bank plc,United-Kingdom
TTP Group plc,United-Kingdom
Turquoise Global Holdings Limited,United-Kingdom
Turtle Futures Limited,United-Kingdom
Utility Cost Analysis Limited,United-Kingdom
Valuelink Information Services Limited,United-Kingdom
Verdict Research Ltd.,United-Kingdom
Village Capital Limited,United-Kingdom
Wells Fargo Securities International Limited,United-Kingdom
"WestLB AG, London Branch",United-Kingdom
Working Transitions Ltd.,United-Kingdom
Workthing Limited,United-Kingdom
Xchanging Procurement Services Ltd.,United-Kingdom
Xenfin Capital,United-Kingdom
"1031 Exchange Advantage, Inc.",United-States-of-America
"1st BridgeHouse Securities, LLC",United-States-of-America
1st Constitution Bank,United-States-of-America
1st Pacific Bancorp,United-States-of-America
"2030, Inc.",United-States-of-America
"ABCT Holdings, Inc.",United-States-of-America
"Abound Resources, Inc.",United-States-of-America
"Acquisitions Northwest, Inc.",United-States-of-America
"Acru, Inc.",United-States-of-America
"Adams & Royer, Inc.",United-States-of-America
"Advantage Bancorp, Inc. (Loveland, CO)",United-States-of-America
"Advantec, Inc.",United-States-of-America
Advocacy Solutions LLC,United-States-of-America
Aequitas Advisors llc.,United-States-of-America
"Albany Bancorp, Inc.",United-States-of-America
Albemarle Bank & Trust,United-States-of-America
Allied Capital Corporation,United-States-of-America
"Allstate Distributors, L.L.C.",United-States-of-America
Alpharetta Community Bank,United-States-of-America
Altour Performance,United-States-of-America
AMA Capital Partners LLC,United-States-of-America
Amboy Bancorporation,United-States-of-America
Amerge Corp.,United-States-of-America
"America Bancshares, Inc.",United-States-of-America
"American Bancorp of Oklahoma, Inc.",United-States-of-America
American Bank of Baxter Springs,United-States-of-America
American Brokerage Consultants,United-States-of-America
"American Career Training Institute, Inc.",United-States-of-America
"American Chartered Bancorp, Inc.",United-States-of-America
"American DataBank, LLC",United-States-of-America
American Home Trust Corp.,United-States-of-America
American National Bank-Northern Colorado,United-States-of-America
"Amherst Securities Group, L.P., Research Division",United-States-of-America
"Anderson & Strudwick, Research Division",United-States-of-America
"Angeles Capital Group, LLC",United-States-of-America
"Anne Scherer The Tax Lady, L.L.C.",United-States-of-America
Answer Key LLC,United-States-of-America
"Apollo Bancshares, Inc.",United-States-of-America
Apollo Bank,United-States-of-America
"Arenzville Bancorp, Inc.",United-States-of-America
Arvest1,United-States-of-America
ASG Renaissance LLC,United-States-of-America
"Associated Bank, National Association",United-States-of-America
ATBancorp.,United-States-of-America
Atkins Savings Bank & Trust,United-States-of-America
Atlantic Bay Mortgage Group,United-States-of-America
"Atlantic Business Consulting, Inc.",United-States-of-America
"AWS Truepower, LLC",United-States-of-America
Banco Santander International,United-States-of-America
Banco Santander Puerto Rico,United-States-of-America
"Bancorp of Rantoul, Inc.",United-States-of-America
"Bancshares, Inc.",United-States-of-America
Banctenn Corp.,United-States-of-America
"Bancwest Investment Services, Inc.",United-States-of-America
"Bangor Securities, Inc.",United-States-of-America
Bank Capital Corporation,United-States-of-America
Bank Iowa Corporation,United-States-of-America
"Bank of America California, National Association",United-States-of-America
Bank of Cave City,United-States-of-America
Bank Of Choice,United-States-of-America
Bank of Choice Holding Company,United-States-of-America
Bank of Commerce,United-States-of-America
Bank of Floyd,United-States-of-America
Bank of Hampton Roads,United-States-of-America
Bank of Maumee,United-States-of-America
Bank of North Dakota,United-States-of-America
Bank of O'Fallon,United-States-of-America
"BankUnited, National Association",United-States-of-America
"Bankvest, Inc.",United-States-of-America
Banner Central Finance Co.,United-States-of-America
"Barnett & Partners, LLC",United-States-of-America
Baron Advisors LLC,United-States-of-America
"Barry Leeds and Associates, Inc.",United-States-of-America
"Baytree Investors, Inc.",United-States-of-America
"BB&T Investment Services, Inc.",United-States-of-America
BDB Payroll Inc,United-States-of-America
Beneficial Savings Bank MHC,United-States-of-America
"Berry-Shino Securities, Inc.",United-States-of-America
BFA Liquidation Trust,United-States-of-America
"Biobusiness Consulting, Inc.",United-States-of-America
"Blue Mound Bancshares, Inc.",United-States-of-America
"Blue Ridge Bancshares, Inc.",United-States-of-America
"BMC Mortgage Services, Inc.",United-States-of-America
BNP US Funding LLC,United-States-of-America
"BNY Mellon Clearing, LLC",United-States-of-America
BNY Mellon Trust Company of Illinois,United-States-of-America
"BNY Mellon, National Association",United-States-of-America
BofI Federal Bank,United-States-of-America
"BOH Holdings, Inc.",United-States-of-America
"Botsford Global, LLC",United-States-of-America
"Boulevard Bancshares, Inc.",United-States-of-America
BOV Holding Company,United-States-of-America
"Bowker, Brown & Co.",United-States-of-America
Branson Bank,United-States-of-America
Bremen Bank and Trust Company,United-States-of-America
BRG Townsend Inc.,United-States-of-America
"Broadsword Partners, LLC",United-States-of-America
Brookline Group LLC,United-States-of-America
Brunswick Bank and Trust Company,United-States-of-America
"Business Alliance Group, Inc.",United-States-of-America
C&G Savings Bank,United-States-of-America
"Cadiz Bancorp, Inc.",United-States-of-America
"California Fina Group, Inc.",United-States-of-America
California United Bank,United-States-of-America
Calton Acquisition Corp.,United-States-of-America
"CAMBIUM USA, Inc.",United-States-of-America
"Canyon Bancorporation, Inc.",United-States-of-America
"Canyon Community Bank, National Association",United-States-of-America
"Capital Bancorp, Inc.",United-States-of-America
Capital Bank,United-States-of-America
Capital Directions Inc.,United-States-of-America
Capital Resource Partners Incorporated,United-States-of-America
Capitol City Bank And Trust Company,United-States-of-America
Capitol National Bank,United-States-of-America
CapRok Capital LLC,United-States-of-America
"Capstone Bancshares, Inc.",United-States-of-America
"Career Alliance, Inc.",United-States-of-America
CareerArc Group LLC,United-States-of-America
CareerCurve LLC,United-States-of-America
Cass Commercial Bank,United-States-of-America
"Castle Bancgroup, Inc.",United-States-of-America
CB Bancshares Corp.,United-States-of-America
CBRE Econometric Advisors,United-States-of-America
Cecil Bank,United-States-of-America
Centennial BANK,United-States-of-America
"Centennial Bank (Conway, AR)",United-States-of-America
"CenterState Bank of Florida, National Association",United-States-of-America
"Central Bancshares Inc. (Muscatine, IA)",United-States-of-America
"Central Bancshares, Inc.",United-States-of-America
"Central Bank of Jefferson County, Inc.",United-States-of-America
Central Park Credit Bank,United-States-of-America
"CertusBank, N.A. (GreenVille)",United-States-of-America
"CETECOM, Inc.",United-States-of-America
CFB Bancshares Inc.,United-States-of-America
CFB Holding Company,United-States-of-America
"Chain Bridge Bancorp, Inc.",United-States-of-America
"Challenger, Gray & Christmas, Inc.",United-States-of-America
Chapdelaine Corporate Securities & Co.,United-States-of-America
"Cheevers & Company, Inc.",United-States-of-America
Chinatrust Capital Corporation,United-States-of-America
Chiron Partners LLC,United-States-of-America
Cignifi Inc.,United-States-of-America
"Citizens Bancorp of Oviedo, Inc.",United-States-of-America
Citizens Bancshares Co.,United-States-of-America
Citizens Bank of Massachusetts,United-States-of-America
"Citizens Bankshares, Inc. (Okemah, OK)",United-States-of-America
"Citizens Community Bank (Hahira, GA)",United-States-of-America
Citizens Corporation,United-States-of-America
"Citizens National Bank (Fort Worth,TX )",United-States-of-America
Citizens State Bank,United-States-of-America
City National Bank,United-States-of-America
"City National Securities, Inc.",United-States-of-America
"Clark Consulting, LLC",United-States-of-America
"Clayton Fixed Income Services, Inc.",United-States-of-America
Cleary & Oxford Associates,United-States-of-America
CNLBank,United-States-of-America
Coastal Carolina National Bank,United-States-of-America
"Coastal Commerce Bancshares, Inc.",United-States-of-America
"Colebrooke Capital, Inc.",United-States-of-America
"ColoEast Bankshares, Inc.",United-States-of-America
Colorado National Bancorp,United-States-of-America
"Columbus First Bancorp, Inc.",United-States-of-America
Columbus First Bank,United-States-of-America
"Comerica Bank & Trust, National Association (Detroit, MI)",United-States-of-America
"Commerce Bancshares, Inc.",United-States-of-America
Commerce Bank,United-States-of-America
"Commerce Brokerage Services, Inc.",United-States-of-America
Commercial Bancgroup Inc.,United-States-of-America
"Commercial Bancshares, Inc.",United-States-of-America
Commercial Bank Of California,United-States-of-America
Commercial National Bank of Texarkana,United-States-of-America
"Commerzbank AG, New York Branch",United-States-of-America
Commonwealth Bankshares Inc.,United-States-of-America
Commonwealth Group Inc.,United-States-of-America
Commonwealth Savingshares Corporation,United-States-of-America
"Community & Southern Holdings, Inc.",United-States-of-America
"Community Bancshares Of West Plains, Inc.",United-States-of-America
"Community Bancshares, Inc. (Mc Arthur, CO)",United-States-of-America
"Community Bank & Trust (Sheboygan, WI)",United-States-of-America
Community Central Bank Corporation,United-States-of-America
"Community First Bancshares, Inc. (Union City, TN)",United-States-of-America
Compass Asset Acceptance Company L.L.C.,United-States-of-America
"Compass Capital Partners, Ltd.",United-States-of-America
Compass Investment Group,United-States-of-America
"Compliance Services Group, Ltd.",United-States-of-America
"Congressional Bancshares, Inc.",United-States-of-America
"Consumer Credit Counseling Service of Greater Atlanta, Inc.",United-States-of-America
"Contemporary Services, Inc.",United-States-of-America
"Continental Service Group, Inc.",United-States-of-America
"ConvergEx Holdings, LLC",United-States-of-America
"Corby Capital Markets, Inc.",United-States-of-America
Corn Belt Bank And Trust Company,United-States-of-America
Cornerstone Community Bank,United-States-of-America
"Corporate Valuation Advisors, Inc.",United-States-of-America
Coulee Bank,United-States-of-America
Creation Capital LLC,United-States-of-America
"Credit Plus, Inc.",United-States-of-America
"Credit Suisse Holdings (USA), Inc.",United-States-of-America
Crescendo Capital Partners LLC,United-States-of-America
"Crescent Bank & Trust, Inc.",United-States-of-America
Crescent Banking Company,United-States-of-America
"Cromwell, Morgan",United-States-of-America
"Crowdcheck, Inc.",United-States-of-America
CSB Bancorp Inc.,United-States-of-America
Cumberland Capital Company,United-States-of-America
"Current Status, Inc.",United-States-of-America
Dawcin International Corp.,United-States-of-America
Db USA Corporation,United-States-of-America
Dearborn Federal Savings Bank,United-States-of-America
"Decision HR USA, Inc.",United-States-of-America
Decker Communications Inc.,United-States-of-America
Deloitte Development LLC,United-States-of-America
DeSoto County Bank,United-States-of-America
"Deutsche Bank AG, New York Branch",United-States-of-America
Deutsche Bank Americas Holding Corp.,United-States-of-America
Deutsche Bank Capital Funding Trust X,United-States-of-America
Deutsche Bank Global Markets,United-States-of-America
Deutsche Bank Trust Company Americas,United-States-of-America
Deutsche Bank Trust Corporation,United-States-of-America
"Dewey & Kaye, Inc.",United-States-of-America
DG European Securities Corp.,United-States-of-America
Diablo Management Group,United-States-of-America
"DnB NOR Markets, Inc.",United-States-of-America
"Donlin, Recano & Company, Inc.",United-States-of-America
"Dove Consulting Group, Inc.",United-States-of-America
"Dresdner Kleinwort - Grantchester, Inc.",United-States-of-America
Dutton State Bank,United-States-of-America
"Dynamica Group, LLC",United-States-of-America
Dynex Securities Corp.,United-States-of-America
E*TRADE Securities LLC,United-States-of-America
"e3holdings, inc.",United-States-of-America
"Ebook-Keeper.com, Inc.",United-States-of-America
"Econ One Research, Inc.",United-States-of-America
"Economic Research Services, Inc.",United-States-of-America
"Ecova, Inc.",United-States-of-America
"Edon Bancorp, Inc.",United-States-of-America
Elite Investment Group LLC,United-States-of-America
"Elmwood Bancshares, Inc.",United-States-of-America
"EM Capital, Inc.",United-States-of-America
Embassy Bank for the Lehigh Valley,United-States-of-America
"EMG, Inc.",United-States-of-America
"Empower Energy Technology, LLC",United-States-of-America
Enpower Management Corp.,United-States-of-America
Epic-Capital,United-States-of-America
"Epiq Bankruptcy Solutions, LLC",United-States-of-America
"Equias Alliance, LLC",United-States-of-America
"Equinox Associates, LLC",United-States-of-America
"Equitable Savings & Loan Association (Sterling, CO)",United-States-of-America
"Equity Bancshares, Inc.",United-States-of-America
"ESB Advisory Services, Inc.",United-States-of-America
"Esp  rito Santo Bank, S.A.",United-States-of-America
"Everest Merchant Funding, Inc.",United-States-of-America
"Everingham & Kerr, Inc.",United-States-of-America
Export-Import Bank of the United States of America,United-States-of-America
Failaka Advisors LLC,United-States-of-America
"Fairbank, Maslin, Maullin & Associates, Inc.",United-States-of-America
Fairbourne Consulting Group,United-States-of-America
Family Bank and Trust Company,United-States-of-America
"Farmers & Merchants Investment, Inc.",United-States-of-America
"Farmers And Merchants Bank (Monticello, FL)",United-States-of-America
"Farmers Bancorp, Inc. of Marion, Kentucky",United-States-of-America
"Farmers Bank (Windasor, VA)",United-States-of-America
"Fb Bancorp, Inc",United-States-of-America
"FBC Bancshares, Inc.",United-States-of-America
"FC Holdings, Inc.",United-States-of-America
Federated States of Micronesian Development Bank,United-States-of-America
FHA CPA,United-States-of-America
FI Consulting Inc.,United-States-of-America
"Fieldpoint Private Bank & Trust, Inc.",United-States-of-America
Fifth Third Bank (Central Florida),United-States-of-America
Fifth Third Bank (Chicago),United-States-of-America
"Fifth Third Securities, Inc.",United-States-of-America
"FIG Partners, LLC",United-States-of-America
"FIG Partners, LLC, Research Division",United-States-of-America
Finemark Holdings Inc.,United-States-of-America
FineMark National Bank & Trust,United-States-of-America
"First American Investment, Inc.",United-States-of-America
First Bank & Trust Company,United-States-of-America
First Bank Corp.,United-States-of-America
First Bank Of Georgia,United-States-of-America
"First Banks America, Inc.",United-States-of-America
"First Commerce Bank (Closter, NJ)",United-States-of-America
First Community Bank,United-States-of-America
First Credit Bank,United-States-of-America
"First Dominion Capital, L.L.C.",United-States-of-America
"First Equity Capital Securities, Inc.",United-States-of-America
First Federal Bank of Ohio,United-States-of-America
First Federal Bank of Wisconsin,United-States-of-America
"First Federal Community Bank (Paris, TX)",United-States-of-America
First Foundation Bank,United-States-of-America
First Guaranty Bancorp,United-States-of-America
"First Iowa State Shares, Inc.",United-States-of-America
First Manhattan Consulting Group LLC,United-States-of-America
"First Merchants Bank, National Association",United-States-of-America
"First Montana Bank, Inc.",United-States-of-America
"First National Bancshares of Hempstead County, Inc.",United-States-of-America
First National Bank & Trust Company of Newtown,United-States-of-America
"First National Bank Ames, Iowa",United-States-of-America
"First National Bank Corp. (Cloverdale, IN)",United-States-of-America
"First National Bank Group, Inc.",United-States-of-America
First National Bank in DeRidder,United-States-of-America
First National Bank of Altheimer,United-States-of-America
First National Bank of Michigan,United-States-of-America
First National Bank Of Pontotoc,United-States-of-America
First National Bankers Bank,United-States-of-America
"First National Corporation Of Ardmore, Inc.",United-States-of-America
"First Republic Securities Company, LLC",United-States-of-America
"First Republic Wealth Advisors, LLC",United-States-of-America
First Security Bank - Canby,United-States-of-America
First Security Bank & Trust,United-States-of-America
"First Security Bank (Batesville, MS)",United-States-of-America
First Security Bank of Missoula,United-States-of-America
First Security Business Bank,United-States-of-America
"First Southern Bancorp, Inc.",United-States-of-America
First Southern National,United-States-of-America
"First State Bancorporation, Inc.",United-States-of-America
"First State Bank (Monticello, IL)",United-States-of-America
"First State Bank (Union City, TN)",United-States-of-America
First State Bank of Mobeetie,United-States-of-America
First State Bank of the Florida Keys Holding Company,United-States-of-America
"First Texas Bank (Georgetown, TX)",United-States-of-America
"First Texas BHC, Inc.",United-States-of-America
"First United Bancorp, Inc.",United-States-of-America
FirstBank Southwest,United-States-of-America
"Five Brothers Mortgage Company Services and Securing, Inc.",United-States-of-America
Fixed Income Clearing Corporation,United-States-of-America
Flagship Community Bank,United-States-of-America
"Florida Capital Group, Inc.",United-States-of-America
Florida Coastline Comm.,United-States-of-America
"Florida Gulf Bancorp, Inc.",United-States-of-America
"Floridian Community Bank, Inc.",United-States-of-America
"FMB of S.C. Bancshares, Inc.",United-States-of-America
"FNB Banking Company, Inc.",United-States-of-America
"For The Children, Inc.",United-States-of-America
"Forcht Bank, National Association",United-States-of-America
Forest Park National Bank and Trust Company,United-States-of-America
"Fort Davis Bancshares, Inc.",United-States-of-America
Fortrend International LLC,United-States-of-America
"FPB Bancorp, Inc.",United-States-of-America
Franklin Bank,United-States-of-America
"Franklin Community Bank, National Association",United-States-of-America
Fraternity Federal Savings and Loan Association,United-States-of-America
Fredericks & Associates Corp.,United-States-of-America
"Freedom 4, Inc.",United-States-of-America
"Freedom 5, Inc.",United-States-of-America
"Freedom 6, Inc.",United-States-of-America
"Freedom 7, Inc.",United-States-of-America
"Freedom Bank (Bradenton, FL)",United-States-of-America
"Friend & Associates, Inc.",United-States-of-America
Friendswood Capital Corporation,United-States-of-America
"Fritsche Capital Group, Inc.",United-States-of-America
"FTR Associates, Inc.",United-States-of-America
FVNB Corporation,United-States-of-America
G. X. Clarke & Co. L.P.,United-States-of-America
"Galen Capital Corp., LLC.",United-States-of-America
"Gallery Associates, Inc.",United-States-of-America
Galson Laboratories Inc.,United-States-of-America
"Garden State Securities, Inc.",United-States-of-America
"Genbeach Co., Inc.",United-States-of-America
"GeoPioneer, Inc.",United-States-of-America
George V. Reis Investment Group Inc.,United-States-of-America
"Georgia Banking Company, Inc.",United-States-of-America
"Georgia Commerce Bancshares, Inc.",United-States-of-America
Gilardi & Company LLC,United-States-of-America
"Global Compliance Services, Inc.",United-States-of-America
Global Macro Trust,United-States-of-America
Goodenow Bancorporation,United-States-of-America
"Grace 1, Inc.",United-States-of-America
"Grace 4, Inc.",United-States-of-America
"Grace 5, Inc.",United-States-of-America
"Grace 6, Inc.",United-States-of-America
"Grace 7, Inc.",United-States-of-America
Grand Mountain Bancshares Inc.,United-States-of-America
"Grandpoint Capital, Inc.",United-States-of-America
"Granite Bancshares, Inc.",United-States-of-America
Grant County Bank,United-States-of-America
"Grant Park Bancshares, Inc.",United-States-of-America
"Great Midwest Bank, S.S.B.",United-States-of-America
Greenfield Banking Company,United-States-of-America
"Greenough & Company, Inc.",United-States-of-America
Greenwich Technology Advisors LLC,United-States-of-America
Grundy Bank,United-States-of-America
"Guaranty Bancorp, Inc.",United-States-of-America
"GVC Capital LLC, Research Division",United-States-of-America
H.B. Oppenheimer & Co.,United-States-of-America
Haddon Savings Bank,United-States-of-America
"Halpern Capital, Inc.",United-States-of-America
"Hamilton Capital Partners, LLC",United-States-of-America
"Hamilton State Bancshares, Inc.",United-States-of-America
"Hanston Insurance Agency, Inc.",United-States-of-America
Hantz Bank,United-States-of-America
"Happy Bancshares, Inc.",United-States-of-America
"HCBF Holding Company, Inc.",United-States-of-America
HDR Sharon Greene + Associates,United-States-of-America
"Heritage Bank, Inc. (Erlanger, KY)",United-States-of-America
Hibernia Bank,United-States-of-America
"Hilltop Bancshares, Inc.",United-States-of-America
"Home BancGroup, Inc.",United-States-of-America
Home Federal Bank of Hollywood,United-States-of-America
"HomeStreet Bank, Inc.",United-States-of-America
"Honda Kaihatsu Kogyo USA, Inc.",United-States-of-America
"Honor Bancorp, Inc.",United-States-of-America
"Hope Bancshares, Inc.",United-States-of-America
HOTC Investment Company,United-States-of-America
HRD Consultants Inc.,United-States-of-America
HSBC Private Bank International,United-States-of-America
Huntington Federal Savings Bank,United-States-of-America
"Huret, Rothenberg & Co.",United-States-of-America
Idaho Mutual Trust Opportunity Income Fund LLC,United-States-of-America
"IDOM, Inc.",United-States-of-America
"Illinois State Bancorp, Inc.",United-States-of-America
Impact Learning Systems International Inc.,United-States-of-America
Independence Community Bank Corp.,United-States-of-America
Independent Credit Research LLC,United-States-of-America
"Industry Bancshares, Inc.",United-States-of-America
InsBank,United-States-of-America
"Institutional Capital Management, Inc.",United-States-of-America
"Integrated Screening Partners, Inc.",United-States-of-America
Interbank Capital Corp,United-States-of-America
"International Bank Of Commerce (Zapata, Texas)",United-States-of-America
"InvestorsBancorp, Inc.",United-States-of-America
Iowa State Bank,United-States-of-America
IPOConnection.com Inc.,United-States-of-America
Ipswich Capital Investment Corp.,United-States-of-America
Iron Workers Savings Bank,United-States-of-America
iServe Servicing Inc.,United-States-of-America
"J.N. Levy, Inc.",United-States-of-America
"Jack Augsback & Co., Inc.",United-States-of-America
Jackson Hole Group,United-States-of-America
Jacobson Executive Search,United-States-of-America
"James Farris Associates, Ltd.",United-States-of-America
"Jaypee International, Inc., Research Division",United-States-of-America
"JEC Strategic Advisors, Inc.",United-States-of-America
"Jefferies LLC, Fixed Income Research",United-States-of-America
"Jefferson Bancshares, Inc.",United-States-of-America
"JobBank USA, Inc.",United-States-of-America
"John Galt Staffing, Inc.",United-States-of-America
"John Richard Associates, Inc.",United-States-of-America
"Joseph R. Schneider & Associates, Inc.",United-States-of-America
JPMorgan Private Bank,United-States-of-America
Kearny MHC,United-States-of-America
Keystone Community Bancorporation,United-States-of-America
Kirkland Investors LLC,United-States-of-America
"Kirkland Messina, Inc.",United-States-of-America
"Klayman/Alexander Group, Inc.",United-States-of-America
"Knight Capital Group Inc., Research Division",United-States-of-America
Knowledge Infusion LLC,United-States-of-America
"Knowledge Works, Inc.",United-States-of-America
Kotak Mahindra Inc.,United-States-of-America
"Kroll Factual Data, Inc.",United-States-of-America
Lafayette Bancorporation,United-States-of-America
Lakeside Bank,United-States-of-America
"Landesbank Baden-W ºrttemberg, New York Branch",United-States-of-America
"Landmark Bank, National Association (Columbia, MO)",United-States-of-America
"Landmark Bank, National Association (Fort Lauderdale, FL)",United-States-of-America
LaSalle Funding LLC,United-States-of-America
"Leading Edge Aviation Solutions, LLC",United-States-of-America
"Legacy Bancorp, Inc.",United-States-of-America
Legacy Bank of Florida,United-States-of-America
LegacyTexas Bank,United-States-of-America
"LERETA, LLC",United-States-of-America
"Level One Bancorp, Inc.",United-States-of-America
"Liberty Bancorp Of Georgia, Inc.",United-States-of-America
"Liberty Bancshares, Inc.",United-States-of-America
Liberty Bank of Maryland,United-States-of-America
Liberty Capital Bank,United-States-of-America
"Liberty Capital, Inc.",United-States-of-America
Lincoln Savings Bank,United-States-of-America
Lincorp Holdings Inc.,United-States-of-America
"Linden Bancshares, Inc.",United-States-of-America
Little London Bancorp Inc.,United-States-of-America
"Live Oak Bancshares, Inc.",United-States-of-America
Live Oak Banking Company,United-States-of-America
"Loan Value Group, LLC",United-States-of-America
"Louisiana Community Bancorp., Inc.",United-States-of-America
Luther Burbank Corp.,United-States-of-America
"M&P Community Bancshares, Inc.",United-States-of-America
"M. Kane & Company, Inc.",United-States-of-America
Macon Bank and Trust Company,United-States-of-America
"Magnolia Energy Capital, LLC",United-States-of-America
"Magyar Bank (New Brunswick, NJ)",United-States-of-America
"Management Performance International, Inc.",United-States-of-America
"Mann, Armistead & Epperson, Ltd., Research Division",United-States-of-America
"Marco Community Bancorp, Inc.",United-States-of-America
Marion Center Bank,United-States-of-America
"Market Street Bancshares, Inc.",United-States-of-America
Marketplus Capital Co Llc,United-States-of-America
Marlin Business Bank,United-States-of-America
Mars National Bank,United-States-of-America
Marsoft Inc,United-States-of-America
"Maxcomm, Inc.",United-States-of-America
"MC Bancshares, Inc.",United-States-of-America
"MC Bancshares, Inc.",United-States-of-America
"McIntosh Bancshares, Inc.",United-States-of-America
McTeague & Co.,United-States-of-America
Meadows Bank,United-States-of-America
Mediant Communications Inc.,United-States-of-America
Meetinghouse Bank,United-States-of-America
Mellon Capital IV,United-States-of-America
Mellon Transition Management Services,United-States-of-America
Mercantile Bank,United-States-of-America
Mercantile National Bank,United-States-of-America
"Mercator Advisory Group, Inc.",United-States-of-America
Merion Capital Group,United-States-of-America
Merrill Lynch Preferred Capital Trust III,United-States-of-America
Merrill Lynch Preferred Capital Trust IV,United-States-of-America
Merrill Lynch Preferred Capital Trust V,United-States-of-America
"Merrill Lynch Preferred Funding IV, L.P.",United-States-of-America
"Merrill Lynch Preferred Funding V, L.P.",United-States-of-America
Metropolitan Bank,United-States-of-America
"Meyer-Chatfield, Corp.",United-States-of-America
Michigan Heritage Bancorp Inc.,United-States-of-America
Middle Tennessee Bank & Trust,United-States-of-America
"Middlesex Federal Savings, F.A.",United-States-of-America
"Middlesex Savings Bank, Inc.",United-States-of-America
Mid-Southern MHC,United-States-of-America
"Midwest Bancshares, Inc.",United-States-of-America
"Midwest BankCentre, Inc.",United-States-of-America
Midwest Community Bank,United-States-of-America
"Midwest Independent Bancshares, Inc.",United-States-of-America
Midwest Independent Bank,United-States-of-America
MileStone Bank,United-States-of-America
Mille Capital Corp.,United-States-of-America
"Minnesota Community Bancshares, Inc.",United-States-of-America
Mitsubishi UFJ Trust & Banking Corporation (U.S.A.),United-States-of-America
Mizuho Bank (USA),United-States-of-America
Mizuho Trust & Banking Co. (USA),United-States-of-America
"MoneyPark, Inc.",United-States-of-America
Morgan Capital Corporation,United-States-of-America
"Morgan Stanley Private Bank, National Association",United-States-of-America
Morgan Stanley Trust National Association,United-States-of-America
"Morgantown Bank & Trust Company, Incorporated",United-States-of-America
Mortgage Resolution Partners LLC,United-States-of-America
"Mortgage Resource Center, Inc.",United-States-of-America
"Mountain Commerce Bancorp, Inc.",United-States-of-America
"Mountain Valley Bank, N.A.",United-States-of-America
MountainView Securities,United-States-of-America
Mt. Washington Savings Bank,United-States-of-America
Mu Sigma Inc.,United-States-of-America
"Mufson Howe Hunter & Co, LLC",United-States-of-America
Municipal Energy Resources Corp.,United-States-of-America
Mutual Federal Savings and Loan Association of Chicago,United-States-of-America
"MVP Realty Advisors, LLC",United-States-of-America
"Myers Capital Partners, LLC",United-States-of-America
Nantucket Holding Co.,United-States-of-America
National Alliance Capital Markets,United-States-of-America
National Commerce Corporation,United-States-of-America
nBank Corp.,United-States-of-America
"NetLink Transaction Services, LLC",United-States-of-America
"New England Bancorp, Inc.",United-States-of-America
"New Tripoli Bancorp, Inc.",United-States-of-America
New Windsor State Bank,United-States-of-America
New York Private Bank & Trust Corporation,United-States-of-America
"NewFields Companies, LLC",United-States-of-America
Newforth Partners LLC,United-States-of-America
"Newnan Coweta Bancshares, Inc.",United-States-of-America
North Shore Trust and Savings,United-States-of-America
"North Star Bank (Roseville, MN)",United-States-of-America
North Valley Bank,United-States-of-America
"Northeast International Soya, Inc.",United-States-of-America
"Northern State Bank (Ashland, WI)",United-States-of-America
Northern Testing Laboratories Inc.,United-States-of-America
Northstar Banking Corporation,United-States-of-America
Northwest Investment Corp.,United-States-of-America
"Northwestern Bank (Chippewa Falls, WI)",United-States-of-America
"Oak Point Partners, Inc.",United-States-of-America
Oakbridge Capital Partners LLC,United-States-of-America
Oakworth Capital Bank,United-States-of-America
OgdenBancShares Incorporated,United-States-of-America
Oncor Electric Delivery Transition Bond Company LLC,United-States-of-America
OneWest Bank Group LLC,United-States-of-America
"Opportunity Bancshares, Inc.",United-States-of-America
Optony Inc.,United-States-of-America
Orient Bancorporation,United-States-of-America
Ottawa Savings Bank FSB,United-States-of-America
"Overend & Company, Inc.",United-States-of-America
Pacific Epoch,United-States-of-America
"Palantir Group, Inc.",United-States-of-America
Palisade Capital Corp.,United-States-of-America
"Palisades Associates, Inc.",United-States-of-America
"Palisades Capital Group, LLC",United-States-of-America
"ParkWest Advisors, LLC",United-States-of-America
Parsec Interact Inc.,United-States-of-America
Patriot Bank Of Trinity,United-States-of-America
"Pembina County Bankshares, Ltd.",United-States-of-America
"People’s Securities, Inc.",United-States-of-America
"Peoples Bank & Trust, Inc.",United-States-of-America
Peoples Bank of Deer Lodge,United-States-of-America
People's United Bank Retirement Services,United-States-of-America
"Peritus Partners, Inc.",United-States-of-America
Phoenix Partners Group LP,United-States-of-America
"Piedmont Bancorp, Inc.",United-States-of-America
Pine River Bank Corp.,United-States-of-America
Pine River Valley Bank,United-States-of-America
"Pinnacle Bancorp, Inc.",United-States-of-America
"Pioneer Bank (Mapleton, MN)",United-States-of-America
"PIONEER Data Systems, Inc.",United-States-of-America
Planters Holding Company,United-States-of-America
"Platinum Bancshares of Texas, Inc.",United-States-of-America
"Pointe-Force Company, The",United-States-of-America
"Popular International Bank, Inc.",United-States-of-America
"Power Management Co., LLC",United-States-of-America
"Preferred Bank (Houston, TX)",United-States-of-America
Presidio Merchant Partners LLC,United-States-of-America
Prime Meridian Bank,United-States-of-America
Prime Policy Group,United-States-of-America
"Prime Resource Group, Inc.",United-States-of-America
"PrimeSouth Bancshares, Inc.",United-States-of-America
Princeville State Bank,United-States-of-America
"Private Client Resources, LLC",United-States-of-America
Professional Bank,United-States-of-America
Proficio Bank,United-States-of-America
"Property Assessment Advisors, LLC",United-States-of-America
Providence Bancshares Corporation,United-States-of-America
"Provident Bancorp, Inc.",United-States-of-America
PSI Services LLC,United-States-of-America
"Public Data Works, Inc.",United-States-of-America
"R.W. Smith & Associates, Inc.",United-States-of-America
"RainMaker Capital, LLC",United-States-of-America
"RainMaker Securities, LLC",United-States-of-America
Ralph E. Davis Associates Inc.,United-States-of-America
RBS Holdings USA Inc.,United-States-of-America
Real Estate Economics LLC,United-States-of-America
RedVision,United-States-of-America
"Redwood Equity Partners, Inc.",United-States-of-America
"Regal Bancorp, Inc.",United-States-of-America
Regent Capital Corporation,United-States-of-America
RelianceBank,United-States-of-America
Renasant Bank,United-States-of-America
Republic Bancorp Co.,United-States-of-America
Republic Bank & Trust Company,United-States-of-America
Richton Bank & Trust Company,United-States-of-America
River Cities Bank,United-States-of-America
"River City Bank (Sacramento, CA)",United-States-of-America
RiverBank Holding Company,United-States-of-America
"Riverside Bank (Poughkeepsie, NY)",United-States-of-America
"Robert E. Nolan Company, Inc.",United-States-of-America
Rohn Rogers Associates Inc.,United-States-of-America
Roseville Bank of Commerce,United-States-of-America
"Routt County Bancorporation, Inc.",United-States-of-America
Royal Celebrity Tours Inc.,United-States-of-America
"RPI Professional Alternatives, Inc.",United-States-of-America
Ruan Securities Corp.,United-States-of-America
"Sabine Surveyors, Ltd.",United-States-of-America
Safdi © Investment Services Corp.,United-States-of-America
Safra National Bank of New York,United-States-of-America
Salem Five Bancorp,United-States-of-America
Sans & Company,United-States-of-America
Scripophily.com LLC,United-States-of-America
"SecondMarket, Inc.",United-States-of-America
Security Federal Savings Bank of McMinnville,United-States-of-America
"Security State Bancshares, Inc.",United-States-of-America
Security State Bank,United-States-of-America
"Selection Management Systems, Inc.",United-States-of-America
"Sender Wasserman Wadsworth, P.C.",United-States-of-America
Sentigy Inc.,United-States-of-America
"Sequoyah Capital, LLC",United-States-of-America
"Service Intelligence, Inc.",United-States-of-America
Sevier County Bank,United-States-of-America
"Shattuck Bancshares, Inc.",United-States-of-America
Sherwood Banc Corporation,United-States-of-America
"SIB Development and Consulting, Inc.",United-States-of-America
Sigma Systems Inc.,United-States-of-America
Simmons First Bank Of Eldorado,United-States-of-America
"Single Source Services, Inc.",United-States-of-America
SinoPac Bancorp,United-States-of-America
SKBHC Holdings LLC,United-States-of-America
SkyBlue Capital LLC,United-States-of-America
"Sloan, Montgomery, Gregory & Hall, Inc.",United-States-of-America
"SMBC Capital Markets, Inc.",United-States-of-America
"SMBC Nikko Securities America, Inc.",United-States-of-America
Smithfield BR,United-States-of-America
S-Network Global Indexes LLC,United-States-of-America
South Atlantic Bank,United-States-of-America
South Lafourche Bank & Trust Company,United-States-of-America
South Street Securities LLC,United-States-of-America
"SouthEast Bancshares, Inc.",United-States-of-America
Southeastern Capital Advisors LLC,United-States-of-America
Southern Commercial Bank,United-States-of-America
Southern States Bank,United-States-of-America
Southshore Community Bank,United-States-of-America
"Southwest Bancshares, Inc.",United-States-of-America
"Southwest Capital Bancshares, Inc.",United-States-of-America
"Southwest Securities, FSB",United-States-of-America
"Southwestern Testing Laboratories, L.L.C.",United-States-of-America
"Sovereign Bancshares, Inc.",United-States-of-America
Soy Capital Bank and Trust Company,United-States-of-America
"Spectrum Assets, Inc.",United-States-of-America
SPRINGFIELD BR,United-States-of-America
"SQE Communications Group, LLC",United-States-of-America
St. Johns Bank & Trust Company,United-States-of-America
Stages of Innovation LLC,United-States-of-America
Stamford Capital Group Inc.,United-States-of-America
"Standard Bancshares, Inc.",United-States-of-America
"Standard Chartered Bank, New York",United-States-of-America
State Bank of Chittenango,United-States-of-America
"State Bank Of India (New York, NY)",United-States-of-America
State Bank of Kimball,United-States-of-America
"State Bankshares, Inc.",United-States-of-America
"State Street Boston Leasing Company, Inc.",United-States-of-America
Stearns Bank Arizona National Association,United-States-of-America
Strategic Programs Inc.,United-States-of-America
Summit Bancshares Inc.,United-States-of-America
"SUNPAC, LLC",United-States-of-America
"Sunstate Bank (Miami, FL)",United-States-of-America
"Suntrust Bank, Western Virginia",United-States-of-America
"Susquehanna Partners, GP",United-States-of-America
Sutter Securities Incorporated,United-States-of-America
Swiss Consulting Group,United-States-of-America
"Synagen Capital Partners, Inc.",United-States-of-America
"Synergy Capital I, LLC",United-States-of-America
"T.V. Metz & Co., LLC",United-States-of-America
Table Rock Bancshares Corporation,United-States-of-America
Tampa Bay Banking Company,United-States-of-America
"Tavenner & Beran, PLC",United-States-of-America
"TCM Bank, N.A.",United-States-of-America
"TCSB Bancorp, Inc.",United-States-of-America
"TechProse, Inc.",United-States-of-America
"Tejas Securities Group Inc., Research Division",United-States-of-America
TeleDevelopment Services Inc.,United-States-of-America
Ten Mile Exchange Services Inc.,United-States-of-America
Tennessee Commerce Bancorp Inc.,United-States-of-America
"The Aspen Group, Inc.",United-States-of-America
The Bank of Brodhead,United-States-of-America
"The Bank of New York Mellon Trust Company, National Association",United-States-of-America
The Bank of Southeastern Connecticut,United-States-of-America
"The Bankers' Bank of Kentucky, Inc.",United-States-of-America
The Birkhill Group,United-States-of-America
"The Bohan Group, Inc.",United-States-of-America
"The Bridge Group, Inc.",United-States-of-America
"The Business Bank (Appleton, WI)",United-States-of-America
The Citizens Bank of Weston,United-States-of-America
The Citizens State Bank,United-States-of-America
The Cohutta Banking Company,United-States-of-America
The Commercial Bank Of Ozark,United-States-of-America
The Commercial Savings Bank,United-States-of-America
The Consulting Group,United-States-of-America
The Cortland Savings & Banking Company,United-States-of-America
The Credit Bureau of San Luis Obispo & Santa Barbara Counties,United-States-of-America
The Daylight Savings Company,United-States-of-America
The EMCO/Hanover Group,United-States-of-America
"The Farmers And Merchants Bankshares, Inc.",United-States-of-America
The Farmers National Bank Of Danville,United-States-of-America
The First National Bank Of Talladega,United-States-of-America
"The First State Bank (Canute, OK)",United-States-of-America
The Fuller Trident Group,United-States-of-America
The Interstate Group,United-States-of-America
"The Jefferson Bank (Fayette, MS)",United-States-of-America
The Morris County National Bank,United-States-of-America
"The Nassau Group, Inc.",United-States-of-America
The Northern Trust Company,United-States-of-America
"The O'Connor Group, Inc.",United-States-of-America
The Peoples Corporation,United-States-of-America
The Perryton National Bank,United-States-of-America
"The Plasencia Group, Inc.",United-States-of-America
The Sage Group LLC,United-States-of-America
The SRS Group,United-States-of-America
The St. Henry Bank,United-States-of-America
The State Nebraska Bank & Trust,United-States-of-America
The Stephenson National Bank And Trust,United-States-of-America
The Strawhecker Group,United-States-of-America
"The Todd Organization, Inc.",United-States-of-America
"The Turris Group, Inc.",United-States-of-America
The Upstate National Bank,United-States-of-America
The Value Alliance Company,United-States-of-America
The Village Bank,United-States-of-America
The Westchester Bank Holding Corporation,United-States-of-America
The Yellowstone Bank,United-States-of-America
The Yoakum National Bank,United-States-of-America
Thomasville National Bank,United-States-of-America
"Three Shores Bancorporation, Inc.",United-States-of-America
"Tiger Valuation Services, LLC",United-States-of-America
Timberline Bancorporation,United-States-of-America
"TJM Institutional Services, LLC, Research Division",United-States-of-America
TM Capital Corp.,United-States-of-America
Toluca Pacific Securities Corp.,United-States-of-America
"Total Logistics Solutions, Inc.",United-States-of-America
"Town & Country Bank (Las Vegas, NV)",United-States-of-America
Tradition (North America) Inc.,United-States-of-America
"Tradition Asiel Securities, Inc.",United-States-of-America
TransTech IT Staffing,United-States-of-America
Transworld Payment Solutions Ltd.,United-States-of-America
"Treadwell & Rollo, Inc.",United-States-of-America
Treynor State Bank,United-States-of-America
"Tristate Capital Bank, Inc.",United-States-of-America
"Triumph Bank, Arlington Office",United-States-of-America
"Triumph Consolidated Cos., LLC",United-States-of-America
"TrueNorth Advisors, LLC",United-States-of-America
Trustco Bank,United-States-of-America
TwentyTen LLC,United-States-of-America
"U.S. Bank, Inc.",United-States-of-America
UNB Corp.,United-States-of-America
"Union Bank and Trust Company (Minneapolis, MN)",United-States-of-America
Union Holding Company,United-States-of-America
UnionBanc Investment Services LLC,United-States-of-America
United Bankers' Bank,United-States-of-America
"United Business Holdings, Inc.",United-States-of-America
"United Community Bancorp, Inc. (Chatham, IL)",United-States-of-America
"United Global Advisors, LLC",United-States-of-America
United National Corporation,United-States-of-America
UNX LLC,United-States-of-America
Urban Partnership Bank,United-States-of-America
USAA Capital Corporation,United-States-of-America
USAA Savings Bank,United-States-of-America
USNY Bank,United-States-of-America
Uwharrie Bank,United-States-of-America
Valley Bank Inc.,United-States-of-America
Vantage Capital Advisors Inc.,United-States-of-America
"Vara Securities, LLC",United-States-of-America
"Venio, LLC",United-States-of-America
"Veracity Management Group, Inc.",United-States-of-America
"Verified Credentials, Inc.",United-States-of-America
"VerityPoint, Inc.",United-States-of-America
Victory State Bank,United-States-of-America
Voss Consulting Inc.,United-States-of-America
"Waccamaw Bankshares, Inc.",United-States-of-America
"Warren Bank and Trust Company (Warren, AR)",United-States-of-America
"Washington Federal, National Association",United-States-of-America
Washtenaw Mortgage Company Inc.,United-States-of-America
WCN Bancorp Inc.,United-States-of-America
Wealth Partners Capital LLC,United-States-of-America
WebBank,United-States-of-America
"Webster Investment Services, Inc.",United-States-of-America
"Weichert Relocation Resources, Inc.",United-States-of-America
"Wellington Management Company, LLP, Research Division",United-States-of-America
"Wells Fargo Bank, National Association",United-States-of-America
Wells Fargo Commercial Banking,United-States-of-America
Wells Fargo Corporate Trust Services,United-States-of-America
Wells Fargo Shareowner Services,United-States-of-America
West Bank,United-States-of-America
Westamerica Bank,United-States-of-America
"Western Illinois Bancshares, Inc.",United-States-of-America
Western Reserve Bank,United-States-of-America
"Westfield Bank, FSB",United-States-of-America
Westminster Research Associates LLC,United-States-of-America
"Westwicke Partners, LLC",United-States-of-America
"Wetzel Trott, Inc.",United-States-of-America
"Whitman Bancorporation, Inc.",United-States-of-America
Winthrop Couchot PC,United-States-of-America
Workforce50.com,United-States-of-America
World Monitor Trust III - Series G,United-States-of-America
World's Foremost Bank,United-States-of-America
Xenith Bank,United-States-of-America
Yazoo Capital Corporation,United-States-of-America
"Zelman & Associates, LLC",United-States-of-America
National Bank Of Uzbekistan,Uzbekistan
Open Joint Stock Commercial Bank Agrobank,Uzbekistan
Open Joint-Stock Commercial Bank Microcreditbank,Uzbekistan
State Joint Stock Commercial Bank Asaka (Open Joint Stock Company),Uzbekistan
ACB Securities Co. Ltd,Vietnam
ANZ Vientiane Commercial Bank Limited,Vietnam
Dong A Securities Company Ltd.,Vietnam
"FTA Research and Consultant, LLC",Vietnam
HSBC Bank (Vietnam) Limited,Vietnam
Maritime Bank Securities Join Stock Company,Vietnam
"Mekong Securities, Research Division",Vietnam
"Sacombank Securities Joint Stock Company, Research Division",Vietnam
SeABank Securities Joint Stock Company,Vietnam
SHB Securities Joint Stock Company,Vietnam
Talent Recruitment JSC,Vietnam
Techcom Securities Company Limited,Vietnam
The Vietnam Development Bank,Vietnam
"Vietcombank Securities Company Limited, Research Division",Vietnam
Vietcombank Securities Limited Company,Vietnam
Vietnam International Securities Joint Stock Company,Vietnam
"VPBank Securities Company Limited, Research Division",Vietnam
Premier Banking Corporation Limited,Zimbabwe
Standard Chartered Bank Zimbabwe Ltd.,Zimbabwe
Steward Bank Limited,Zimbabwe
