Investment Banking Name,Country
"Banco Privado Atl ¢ntico, S.A.",Angola
MBA Lazard,Argentina
Aegis Equities Research Pty Limited,Australia
Allen & Buckeridge Pty Ltd.,Australia
Allens,Australia
Alpha Equities and Futures Limited,Australia
Chase Corporate Advisory Pty Ltd.,Australia
Corrs Chambers Westgarth,Australia
Empire Securities Group Pty. Limited,Australia
Equity & Advisory Ltd.,Australia
FTI Consulting (Sydney) Pty Ltd,Australia
Grange Capital Partners Pty Ltd.,Australia
Gresham Partners Limited,Australia
Herbert Smith Freehills,Australia
InterFinancial Corporate Finance Limited,Australia
"Kamara Poulos Group Pty Ltd., Advisory Arm",Australia
Norton Rose Australia,Australia
Novo Capital,Australia
Odyssey Capital Pty Ltd,Australia
Origin Capital Group Pty Limited,Australia
Pacific Road Corporate Finance,Australia
Patersons Securities Limited,Australia
Phillip Capital Limited,Australia
Principle Advisory Services Pty Ltd.,Australia
Quentin Ayers Pty Limited,Australia
Rundle Capital Partners Pty Ltd.,Australia
Sequence Capital Pty Limited,Australia
ShineWing Hall Chadwick Pty Ltd,Australia
Wentworth Global Capital Partners Pty Ltd,Australia
Bank Gutmann AG,Austria
Bank Winter & Co. Aktiengesellschaft,Austria
LeitnerLeitner GmbH,Austria
Taylor Wessing e|n|w|c Attorneys at Law,Austria
VCP Capital Partners Unternehmensberatungs AG,Austria
Capitalianz Consulting W.L.L,Bahrain
First Equity Partners,Bahrain
Global Banking Corporation B.S.C. (Closed),Bahrain
Gulf International Bank B.S.C.,Bahrain
Ibdar Bank BSC(c),Bahrain
Oasis Capital Bank B.S.C. (c),Bahrain
TAIB Bank B.S.C. (c),Bahrain
The Caribbean Development Bank,Barbados
ANTHONY Consulting SPRL,Belgium
Capital Advice N.V.,Belgium
Origo Management,Belgium
Servi Fund Venture Partners,Belgium
Winx Capital House nv/sa,Belgium
Apex Fund Services (Bermuda) ltd,Bermuda
Genesis Global Finance (PTY) Limited,Botswana
Banco Itau BBA S.A.,Brazil
BB Banco de Investimento S.A.,Brazil
BES Investimento do Brasil S.A. - Banco de Investimento,Brazil
Jequitib ° Investimentos,Brazil
Patria CIA Securitizadora Credito Imobiliario,Brazil
Pinheiro Guimar £es - Advogados,Brazil
"Vaz, Barreto, Shingaki & Oioli Advogados",Brazil
SORTIS Invest,Bulgaria
"Standard Investment Group, Research Division",Bulgaria
M Invest Co. Ltd.,Cambodia
"Alluence Capital Advisors, Inc.",Canada
BDK Global Search Inc.,Canada
Caledon Capital Management Inc.,Canada
"Canaccord Genuity, Research Division",Canada
Channel Financial Group,Canada
Corpfinance International Limited,Canada
DAI Capital Advisors Inc.,Canada
Evolve Energy Partners,Canada
FirePower Capital Corporation,Canada
Global Exempt Market Solutions Ltd.,Canada
Global Governance Advisors,Canada
GMP Securities L.P.,Canada
Keenan Matthews Finance,Canada
Keystone Financial Publishing Corp,Canada
Kingsdale Capital Partners Inc.,Canada
Last Brick Capital,Canada
Lightyear Capital Inc.,Canada
Lorian Group Inc.,Canada
Mercantile Mergers & Acquisitions Corporation,Canada
MNC Capital Inc.,Canada
NVS Bancorp Limited,Canada
Paragon Partners Inc.,Canada
Persis Holdings Ltd.,Canada
Pinchin Environmental Ltd.,Canada
"Pinnacle Wealth Brokers, Inc.",Canada
Richardson Financial Group Limited,Canada
Salman Partners Inc.,Canada
"Stable Capital Advisors, Inc.",Canada
TD Securities Inc.,Canada
Veracap Corporate Finance Limited,Canada
"Vlaad and Company, Inc.",Canada
IB Partners S.A.,Chile
Athenee Advisory Company Limited,China
"Bank of Jiangsu Co., Ltd.",China
"Beijing Javelin Investment Consulting Company, Ltd.",China
Bluepeak Group,China
Equinox Advisory Partners Limited,China
"Guangzhou Rural Commercial Bank Co., Ltd.",China
Guotai Junan Securities Company Limited,China
Han Kun Law Offices,China
HollyHigh International Capital Co. Ltd.,China
"Kirkwood & Sons, LLC",China
"Morgen Evan Redrock, Inc.",China
MWE China Law Offices,China
Poalim Asia Direct Ltd.,China
Riemann Investment Holdings Limited,China
SmithStreetSolutions,China
The Hina Group,China
Tianshan Energy Capital Partners Ltd.,China
Zero2IPO Research Center,China
Caicedo Asociados C&A.,Colombia
Batalla & Asociados,Costa-Rica
"Patria Corporate Finance, a.s.",Czech-Republic
Pedersen & Partners s.r.o.,Czech-Republic
"Squire Sanders, v.o.s., advok °tn   kancel °r",Czech-Republic
North Sea Capital A/S,Denmark
EFG-Hermes Securities Brokerage,Egypt
Civitta International O ú,Estonia
Asianajotoimisto Castr ©n & Snellman Oy,Finland
Attorneys at law Borenius Ltd,Finland
Ernst & Young Oy,Finland
Global Intelligence Alliance Group Oy,Finland
Krogerus Attorneys Ltd.,Finland
Merasco Oy,Finland
Accuracy SAS,France
Altedis Conseil,France
Athema,France
Banque Privee 1818 Soci ©t © Anonyme,France
Cabinet Lipworth,France
Capitalmind Corporate Finance Advisory,France
Carta Diem,France
Clipperton Finance Limited,France
Conf ©d ©ration Nationale du Cr ©dit Mutuel,France
"Cotty, Vivant, Marchisio & Lauzeral",France
Edmond de Rothschild Corporate Finance,France
Exitis S.A.S.,France
FL Partners,France
Gatienne Brault & Associ ©s,France
Gilles Laporte Conseil,France
Ginesti © Paley-Vincent & Associ ©s,France
"Global Equities S.A., Research Division",France
Global Private Equity,France
Hoche Soci ©t © d'Avocats,France
IDMidCaps,France
Indefi SARL,France
International Private Equity Network,France
"Intuity, SELARL",France
"Montpensier Finance, SAS",France
Ofivalmo S.A.,France
Parteurop Pharma S.A.S.,France
PO Gestion SAS,France
PricewaterhouseCoopers Corporate Finance France,France
Roux Capital,France
S.O. Capital Advice Sarl,France
SGDM,France
"STC Partners, Avocats  † la cour",France
BGFI Holding Corporation S.A.,Gabon
ARTEMIS Advisory Services GmbH,Germany
"Bain & Company Germany, Inc.",Germany
BHF-Bank Aktiengesellschaft,Germany
C.H. Reynolds Corporate Finance AG,Germany
Concentro Management AG,Germany
Creavis GmbH,Germany
Credit Suisse (Deutschland) Aktiengesellschaft,Germany
Deloitte & Touche Corporate Finance Gmbh,Germany
Dubai Oasis Capital Ag,Germany
Global M&A GmbH,Germany
GlobalFinance Beratungs AG,Germany
goetzpartners Corporate Finance GmbH,Germany
Hartmann Zillmer Corporate Finance GmbH,Germany
Hengeler Mueller,Germany
Hoffmann Liebs Fritsch & Partner,Germany
I-ADVISE AG,Germany
IPONTIX Equity Consultants GmbH,Germany
KEYLENS AG,Germany
Knauthe Eggers,Germany
Ludwig & Co. GmbH,Germany
M.M.Warburg & CO (AG & Co.) KGaA,Germany
MPC M ºnchmeyer Petersen & Co. GmbH,Germany
MZ Consulting GmbH,Germany
PEFS Private Equity Financial Services,Germany
Pestlin & Co. Corporate Finance GmbH & Co. KG,Germany
R  dl & Partner GmbH,Germany
Renell Wertpapierhandelsbank AG,Germany
Simon Kucher & Partner Strategy & Marketing Consultants GmbH,Germany
SJ Berwin Knopf Tulloch Steininger,Germany
Skillnet GmbH,Germany
SSC Consult Corporate Finance GmbH & Co. KG,Germany
The ACON Group SE,Germany
TRIACON Solutions GmbH,Germany
Verion AG,Germany
Fidelity Bank Limited,Ghana
Vector Partners,Greece
Ample Finance Group,Hong-Kong
Asia Capital Investment Partners,Hong-Kong
"Asia Growth Private Equity 1, Ltd.",Hong-Kong
"Asia Growth Private Equity 2, Ltd.",Hong-Kong
"Asia Growth Private Equity 3, Ltd.",Hong-Kong
"Asia Private Equity SPAC 1, Ltd.",Hong-Kong
"Asia Private Equity SPAC 2, Limited",Hong-Kong
Asia Private Equity SPAC 3 Limited,Hong-Kong
Asian Capital Partners Group,Hong-Kong
Blackpeak (Holdings) Limited,Hong-Kong
China Concept Consulting,Hong-Kong
CITIC International Financial Holdings Limited,Hong-Kong
Echobox Limited,Hong-Kong
IRG,Hong-Kong
Mingly Corporation,Hong-Kong
Quam Capital Limited,Hong-Kong
Quantsmile (HK) Limited,Hong-Kong
Standard Chartered Bank (Hong Kong) Limited,Hong-Kong
Citibank Europe plc Hungarian Branch Office,Hungary
Development Bridge Head Group,Hungary
Equilor Investment Ltd.,Hungary
Hayhurst Berlad Robinson,Hungary
MAVA Capital,Hungary
Ambit Holdings Pvt. Ltd,India
Anvil Share and Stock Broking Private Limited,India
Arpwood Capital Ltd,India
Asia Pacific Capital (I) Private Limited,India
Asit C Mehta Investment Intermediates Ltd.,India
Atherstone Group,India
Avalon Consulting Pvt. Ltd.,India
Axis Capital Limited,India
AZB & Partners,India
BDA Connect (Pvt) Limited,India
Celtycs Outsourcing Services Pvt. Ltd.,India
Cipher Capital Advisors Private Limited,India
DataStream Research and Analysis,India
Deloitte Corporate Finance Services India Private Limited,India
Destimoney Securities Private Limited,India
Devenio Optimus Advisors Pvt. Ltd.,India
DIA Capital Advisors LLP,India
Emploi Globale Consulting Pvt. Ltd.,India
Equirus Capital Pvt. Ltd.,India
Finshore Management Services Limited,India
Four-S Research,India
Four-S Services Pvt. Ltd.,India
Hem Securities Limited,India
ICICI Securities Limited,India
IDBI Capital Market Services Limited,India
IL&FS Financial Services Limited,India
IndigoEdge Management Consultancy Pvt. Ltd.,India
Inflection Point Capital,India
Intensive Fiscal Services Pvt. Ltd.,India
"K.R. Choksey Shares & Securities Private Ltd., Research Division",India
Khaitan & Co.,India
KKJ Capital Advisors,India
Lexplosion Solutions Private Limited,India
Narayan Securities Ltd.,India
Paterson Securities Pvt. Ltd.,India
PNR Securities Limited,India
Probe Equity Research Pvt. Ltd.,India
Rabo India Finance Private Limited,India
Religare Capital Markets Limited,India
SMC Global Securities Ltd.,India
SMC Investment and Advisors Limited,India
SPA Securities Limited,India
Springforth Capital Advisors Private Limited,India
Sprout Capital Advisors LLP,India
SSV Fincorp Services,India
Valcon Management Consultants Pvt. Ltd.,India
Value Prolific Consulting Services Private Limited,India
Venator Search Partners Pvt. Ltd.,India
Waterfield Advisors Pvt Ltd,India
Wizarth Advisors,India
YFactor Marketing Private Limited,India
Yotak Human Resources Private Limited,India
Principia Management Group,Indonesia
Arthur Cox & Co.,Ireland
CFM Capital Limited,Ireland
Goodbody Corporate Finance,Ireland
Investec Securities Holdings Ireland Limited,Ireland
KC II Limited,Ireland
New Equity Services,Israel
Aurea Corporate Finance Srl,Italy
AVM Italia S.r.l.,Italy
Banca Popolare Di Vicenza S.C.p.A.,Italy
Blupeter S.p.A.,Italy
Cenciarini & Co.,Italy
Finanziaria Internazionale Holding S.p.A.,Italy
Fineurop S.p.A.,Italy
Fineurop Soditic S.p.A.,Italy
Finlife Corporate Finance S.r.l.,Italy
Grimaldi Studio Legale,Italy
J. Hirsch & Co.,Italy
Kaleidos S.r.l.,Italy
Klecha & Co.,Italy
La Centrale Finanziaria Generale S.p.A.,Italy
Market Capital Corporation,Italy
Mittel Corporate Finance S.p.A.,Italy
NCTM Studio Legale Associato,Italy
Pigreco Corporate Finance S.r.l.,Italy
Prometeia Spa,Italy
Value Partners Management Consulting S.p.A.,Italy
Vela Capital Srl,Italy
VIA Advisors Corporate Finance S.p.A.,Italy
Harvey Nash Japan,Japan
"Sumitomo Mitsui Trust Bank, Limited",Japan
JSC Halyk Finance,Kazakhstan
AIB Capital Ltd,Kenya
Burbidge Capital Limited,Kenya
Commercial Bank of Africa Limited,Kenya
Faida Investment Bank Limited,Kenya
"StratLink, LLC",Kenya
"Al Safat Investment Company K.S.C., Investment Banking Group",Kuwait
Al-Masar Leasing and Investment Company K.S.C. (Closed),Kuwait
"Global Investment House KSCC, Research Division",Kuwait
Watani Investment Company KSCC,Kuwait
Cedrus Invest Bank sal,Lebanon
CACEIS Bank Luxembourg S.A.,Luxembourg
EFA Private Equity,Luxembourg
HSBC Trinkaus & Burkhardt (International) S.A.,Luxembourg
LDS Partners S.A.,Luxembourg
Quilvest Wealth Management S.A.,Luxembourg
Sal. Oppenheim jr. & Cie. S.C.A.,Luxembourg
SGG S.A.,Luxembourg
Skandinaviska Enskilda Banken S.A.,Luxembourg
CIMB Islamic Bank Berhad,Malaysia
Kuwait Finance House (Malaysia) Berhad,Malaysia
Newfields Property Management Sdn Bhd,Malaysia
Rashid Hussain Berhad,Malaysia
Dale Capital Partners Holdings Limited,Mauritius
ibkan,Mexico
Pablo Ri  n Y Asociados,Mexico
PC Capital Partners SAPI de C.V.,Mexico
Atlas Capital,Morocco
Lighthouse Investments,Morocco
Standard Bank Namibia Limited,Namibia
ATC Group B.V.,Netherlands
Boekel De Ner ©e N.V.,Netherlands
Boer & Croon Corporate Finance,Netherlands
Catalyst Advisors B.V.,Netherlands
Holland Van Gijzen,Netherlands
IMPROVED Corporate Finance B.V.,Netherlands
Lexence N.V.,Netherlands
NautaDutilh N.V.,Netherlands
NIBC Bank N.V.,Netherlands
NIBC Holding N.V.,Netherlands
Spigthoff,Netherlands
The Royal Bank of Scotland N.V.,Netherlands
TMF Group B.V.,Netherlands
TMF Group Holding B.V.,Netherlands
Tresfontaines Corporate Finance,Netherlands
Chapman Tripp,New-Zealand
"Deutsche Bank AG, New Zealand branch",New-Zealand
New Zealand Private Equity & Venture Capital Association Incorporated,New-Zealand
Prospera Capital Limited,New-Zealand
The New Zealand Guardian Trust Company Limited,New-Zealand
Steinvender AS,Norway
"Integration Capital & Trade, LLC",Oman
M. M. Securities Private Limited,Pakistan
"Eastgate Capital Partners, Inc.",Philippines
First Metro Investment Corporation,Philippines
Investment & Capital Corporation of the Philippines,Philippines
AKJ Capital S.A,Poland
Bankowe Towarzystwo Kapitalowe S.A.,Poland
ICENTIS Sp  lka z o.o. Corporate Solutions S.K.A.,Poland
Kolaja & Partners Sp. z o.o.,Poland
Secus Asset Management S.A.,Poland
Trinity Corporate Services Sp. z o.o.,Poland
"Banco Esp  rito Santo de Investimento, S.A.",Portugal
"Bluemint Capital, Lda.",Portugal
"Caixa - Banco de Investimento, SA",Portugal
Investment House,Qatar
Qatar First Bank,Qatar
Capital Partners SRL,Romania
Evanston Capital Advisors,Romania
Oxygen Finance SRL,Romania
Credit-Moscow Bank,Russia
OOO CentreInvest Securities,Russia
VTB Capital PLC,Russia
"ITHRAA Capital, Research Division",Saudi-Arabia
Maceen Capital,Saudi-Arabia
SEECAP d.o.o.,Serbia
Synergy Capital AD Beograd,Serbia
AddVenture Advisers,Singapore
Amba Investment Services Limited,Singapore
"DNB Bank ASA, Singapore Branch",Singapore
Sentosa Capital Advisors Pte. Ltd.,Singapore
TC Capital Pte Ltd,Singapore
The Islamic Bank of Asia Limited,Singapore
Tyesun Capital Pte. Ltd.,Singapore
"SLAVIA CAPITAL Group, a.s",Slovakia
"Abanka Vipa, d.d.",Slovenia
KD Banka d.d.,Slovenia
AMB Holdings Ltd.,South-Africa
Arcay Communications Holdings (Pty) Limited,South-Africa
"Athena Capital (Pty) Ltd, Advisory Arm",South-Africa
BnP Capital (Pty) Limited,South-Africa
Grindrod Bank Limited,South-Africa
J&J Financial Services (Pty) Ltd,South-Africa
Java Capital (Proprietary) Limited,South-Africa
Nedbank Limited,South-Africa
Rand Merchant Bank,South-Africa
RMB Private Equity Debt,South-Africa
Sasfin Bank Limited,South-Africa
The Clade Group,South-Africa
Valbridge Trust,South-Africa
Webber Wentzel,South-Africa
Korea Development Bank,South-Korea
"Korea Venture Investment Corp., Research Division",South-Korea
"Richmond Asset Management Co., Ltd.",South-Korea
Albia Capital Partners,Spain
Allen & Overy Spain,Spain
Broggini Consulting Services S.L.,Spain
GB Corporate Finance,Spain
Grupo Financiero Riva y Garcia SL,Spain
"M&B Capital Advisers, Sociedad de Valores, S.A.",Spain
N+1 Group,Spain
Next Corporate S.L.,Spain
Advokatfirman Vinge KB,Sweden
Arctos Mergers & Acquisitions AB,Sweden
Avantus Corporate Finance,Sweden
Capacent AB,Sweden
Hamilton & Co.,Sweden
I Executive Search AB,Sweden
Neuman & Nydahl HB,Sweden
Novare Compensation AB,Sweden
Procure It Right AB,Sweden
YellowTree Advisors AB,Sweden
adbodmer ag,Switzerland
API Invest & Finanz AG,Switzerland
Banque Heritage S.A.,Switzerland
COGEF Geneva,Switzerland
Corestar Partners GmbH,Switzerland
Cr ©dit Agricole (Suisse) SA,Switzerland
Groupe LCF Rothschild,Switzerland
Helarb Management S.A.,Switzerland
Moravia Capital AG,Switzerland
N+1 Swiss Capital,Switzerland
Rinderknecht Klein & Stadelhofer,Switzerland
Schellenberg Wittmer,Switzerland
SG Private Banking (Suisse) S.A.,Switzerland
Sherbrooke Equity AG,Switzerland
Sirius Healthcare Partners GmbH,Switzerland
Suntura Capital,Switzerland
Swiss Capital Wealth Management AG,Switzerland
The Corporate Finance Group AG,Switzerland
The Real Economy Effect GmbH,Switzerland
Valartis Bank AG,Switzerland
ValleyRoad Capital SA,Switzerland
"Capital Securities Corporation, Research Division",Taiwan
China Development Industrial Bank,Taiwan
Akhair Capital Menkul Degerler A.S.,Turkey
Crossborder Corporate Consultancy Ltd.,Turkey
EGM Finansal Danismanlik A.S.,Turkey
PRAGMA Corporate Finance,Turkey
Teknort,Turkey
Tekstil Yatirim Menkul Degerler AS,Turkey
Yatirim Finansman Menkul Degerler A.S.,Turkey
Astrum Investment Management,Ukraine
Aval Brok Financial Group,Ukraine
ITT-Invest PrJSC,Ukraine
Alpen Capital (ME) Limited,United-Arab-Emirates
Armalia Partners Limited,United-Arab-Emirates
"Boston BioCapital FZ, LLC",United-Arab-Emirates
CFM International Limited,United-Arab-Emirates
Emirates NBD Capital Limited,United-Arab-Emirates
"Grace Century, FZ LLC",United-Arab-Emirates
Isthmus Partners FZC,United-Arab-Emirates
Markab Advisory,United-Arab-Emirates
Quantum Investment Bank Limited,United-Arab-Emirates
The Boston Consulting Group,United-Arab-Emirates
YUSR Islamic Investment Bank (DIFC) Ltd.,United-Arab-Emirates
Acanthus Advisers LLP,United-Kingdom
Agg Jones Search and Selection Limited,United-Kingdom
Akira Partners LLP,United-Kingdom
Akur Limited,United-Kingdom
Almeida Capital Limited,United-Kingdom
AlphaSights Ltd,United-Kingdom
Alternative Assets Division,United-Kingdom
Altius Associates Limited,United-Kingdom
Aon Mergers and Acquisitions Group,United-Kingdom
Arthur D. Little Limited,United-Kingdom
Asante Capital Group LLP,United-Kingdom
Ashton Penney Holdings PLC,United-Kingdom
Assured Recruitment Solutions Ltd.,United-Kingdom
Augentius Fund Administration LLP,United-Kingdom
Augusta & Co. plc,United-Kingdom
Barchester Group Limited,United-Kingdom
Barnellan Equity Advice Ltd,United-Kingdom
Beaufort Securities Limited,United-Kingdom
BIE Group Ltd.,United-Kingdom
Bircham Dyson Bell LLP,United-Kingdom
Blue Glue Limited,United-Kingdom
Boxwood Ltd.,United-Kingdom
Calibre One Ltd.,United-Kingdom
Canaccord Genuity Hawkpoint Limited,United-Kingdom
Candela Capital Limited,United-Kingdom
Capital Strategy Corporate Finance Limited,United-Kingdom
Castle Harbour Securities LLP,United-Kingdom
Celerant Consulting Limited,United-Kingdom
CF Partners (UK) LLP,United-Kingdom
Chartis Research,United-Kingdom
Citigate Dewe Rogerson Ltd,United-Kingdom
City Capital Corporation Limited,United-Kingdom
"City Capital Corporation Limited, Research Division",United-Kingdom
Collins Stewart Hawkpoint Limited,United-Kingdom
Compass Venture Management Ltd.,United-Kingdom
Credit Suisse International,United-Kingdom
Credo Business Consulting LLP,United-Kingdom
CRISIL Irevna UK Limited,United-Kingdom
"Crystal Partners & Co., LLP",United-Kingdom
Curtis Murray International Executive Search,United-Kingdom
Cygnus Capital Partners Limited,United-Kingdom
Devonshire Group Plc,United-Kingdom
Diamond Management & Technology Consultants Ltd.,United-Kingdom
Directorbank Executive Search Ltd.,United-Kingdom
Edinburgh Financial & General Holdings Limited,United-Kingdom
Elara Capital Plc,United-Kingdom
Equity Development Limited,United-Kingdom
Ernst & Young Ltd.,United-Kingdom
Euromax Capital Limited,United-Kingdom
Europa Partners Limited,United-Kingdom
Eversheds LLP,United-Kingdom
Excellion Advisors LLP,United-Kingdom
Farncombe Consulting Group Limited,United-Kingdom
Freshfields Bruckhaus Deringer LLP,United-Kingdom
FTI Consulting Group Limited,United-Kingdom
GA Europe Valuations Limited,United-Kingdom
George James Ltd.,United-Kingdom
Global Leisure Partners LLP,United-Kingdom
GMP Securities Europe LLP,United-Kingdom
Grafton Securities Ltd.,United-Kingdom
Grove Industries Limited,United-Kingdom
Hamilton Hotel Partners Ltd,United-Kingdom
Harvey Ingram Borneos,United-Kingdom
Helix Associates Limited,United-Kingdom
Hexagon Human Capital PLC,United-Kingdom
Hitchenor Wakeford Limited,United-Kingdom
Human-Equity Ltd.,United-Kingdom
"Incrementum Capital Partners, LLP",United-Kingdom
Ingenious Corporate Finance Limited,United-Kingdom
International Private Equity Limited,United-Kingdom
Itau BBA International plc,United-Kingdom
Jasper Capital Limited,United-Kingdom
Kemp Little LLP,United-Kingdom
Kirkpatrick Executive Search & Selection,United-Kingdom
KPMG Corporate Finance LLP,United-Kingdom
L.E.K. Consulting,United-Kingdom
Langham Hall UK LLP,United-Kingdom
Libertas Capital Group plc,United-Kingdom
Lloyds Bank Corporate Markets,United-Kingdom
Lloyds Bank plc,United-Kingdom
London Court Limited,United-Kingdom
Megabuyte,United-Kingdom
Merchant House Group PLC,United-Kingdom
Merchant Securities Group plc,United-Kingdom
Mergermarket Limited,United-Kingdom
MG Equity Partners Ltd.,United-Kingdom
MJ Hudson LLP,United-Kingdom
Montrose Global LLP,United-Kingdom
MVision Private Equity Advisers Limited,United-Kingdom
Nellen,United-Kingdom
New World Corporate Finance Limited,United-Kingdom
Nomura International plc,United-Kingdom
Numis Securities Limited,United-Kingdom
Oakley Capital Limited,United-Kingdom
OC&C Strategy Consultants Limited,United-Kingdom
Odgers Berndtson,United-Kingdom
Opus Corporate Finance LLP,United-Kingdom
Oxcap Advisors Ltd.,United-Kingdom
Palomar Private Equity LLP,United-Kingdom
Payne Hicks Beach,United-Kingdom
Penningtons Manches LLP,United-Kingdom
Plural Strategy Group,United-Kingdom
PricewaterhouseCoopers Transaction Services United Kingdom,United-Kingdom
Principal Search Limited,United-Kingdom
Promethean plc,United-Kingdom
Quayle Munro Holdings Limited,United-Kingdom
Ragnar Capital Ltd,United-Kingdom
Redgrave Partners LLP,United-Kingdom
ReputationInc Ltd,United-Kingdom
Riversby Limited,United-Kingdom
Rowan Recruitment Ltd,United-Kingdom
"Sainty, Hird & Partners Limited",United-Kingdom
Simmons & Simmons,United-Kingdom
Skillcapital LLP,United-Kingdom
Soundview Technology Limited,United-Kingdom
Strategic Assets Partners LLP,United-Kingdom
Sustainable Development Capital LLP,United-Kingdom
Taylor Wessing LLP,United-Kingdom
TechMarketView LLP,United-Kingdom
The Whitehead Mann Partnership LLP,United-Kingdom
Touchstone Securities Limited,United-Kingdom
Tower Gate Capital Limited,United-Kingdom
Transparent Capital Limited,United-Kingdom
Trusted Sources UK Ltd.,United-Kingdom
Tyrian Partners LLP,United-Kingdom
Vantis Corporate Finance Limited,United-Kingdom
VCP Advisors Limited,United-Kingdom
Vequity Intelligence LLP,United-Kingdom
Veronis Suhler Stevenson International Limited,United-Kingdom
Walker Hamill Limited,United-Kingdom
Weissknight Corporate Finance Ltd.,United-Kingdom
Wild Search,United-Kingdom
WJ Hopper & Co. Limited,United-Kingdom
1stWEST Financial Corporation,United-States-of-America
2B Interactive Group,United-States-of-America
"A.T. Kearney, Inc.",United-States-of-America
Abundant Ventures LLC,United-States-of-America
AC Lordi Corporation,United-States-of-America
"Access Search Partners, LLC",United-States-of-America
Accordion Partners LLC,United-States-of-America
Adam Zak Executive Search,United-States-of-America
Adiligy LLC,United-States-of-America
Advanced Equities Financial Corporation,United-States-of-America
"Ag and Food Associates, LLC",United-States-of-America
AGRA Capital Advisors LLC,United-States-of-America
"AGS Benefits Group, LLC",United-States-of-America
Akerman LLP,United-States-of-America
Akin Gump Strauss Hauer & Feld LLP,United-States-of-America
"Alignment Capital Group, LLC",United-States-of-America
"Alinian Capital Group, LLC",United-States-of-America
All Media Ventures,United-States-of-America
Allen Evans Klein International,United-States-of-America
Alliance Consulting Group LLC,United-States-of-America
"Allied Business Intermediary International, Inc.",United-States-of-America
Allison-Williams Company,United-States-of-America
Amalgamated Bank,United-States-of-America
America First Associates Corp.,United-States-of-America
Anderson LeNeave & Co.,United-States-of-America
Aperture Capital Partners LLC,United-States-of-America
"APL Capital Advisors, L.L.C.",United-States-of-America
"APR Executive Search, Inc.",United-States-of-America
"Aramar Capital Group, LLC",United-States-of-America
"Argo, Inc.",United-States-of-America
Ariane Capital Partners LLC,United-States-of-America
"Aristier Partners, LLC",United-States-of-America
"Ascende, Inc.",United-States-of-America
"Avec Capital, LLC",United-States-of-America
Axia Partners,United-States-of-America
Bailey Southwell & Co.,United-States-of-America
"Bain & Company, Inc.",United-States-of-America
Baird Holding Company,United-States-of-America
Baker & McKenzie LLP,United-States-of-America
"Baker Tilly Capital, LLC",United-States-of-America
"Baker Tilly Virchow Krause, LLP",United-States-of-America
"Barber Analytics, LLC",United-States-of-America
"BeaconBVS Consulting Group, LLC",United-States-of-America
"BellMark Partners, LLC",United-States-of-America
Benchmark International Company Sales Specialists LLC,United-States-of-America
"Benedetto, Gartland & Company, Inc.",United-States-of-America
Bentley Associates L.P.,United-States-of-America
"Berman Capital, LLC",United-States-of-America
"BIA Financial Network, Inc.",United-States-of-America
Bingham McCutchen LLP,United-States-of-America
"Bison Partners, L.P.",United-States-of-America
BizCapital,United-States-of-America
"Black Box Principals, Inc.",United-States-of-America
Blackmore Partners Inc.,United-States-of-America
Blank Rome LLP,United-States-of-America
"Blue River Financial Group, Inc.",United-States-of-America
"Blue Stone International, LLC",United-States-of-America
"Blue Water Solutions, Inc.",United-States-of-America
"BMC Group, Inc.",United-States-of-America
"BOD, Inc.",United-States-of-America
BofA Merrill Lynch Petrie Divestiture Advisors,United-States-of-America
Bonefish Capital LLC,United-States-of-America
"Boyd & Co., Inc.",United-States-of-America
Branison Group LLC,United-States-of-America
"Brean Capital, LLC",United-States-of-America
Bridgepoint Merchant Banking,United-States-of-America
"Brookline Capital Partners, LLC",United-States-of-America
"Brownlie & Braden, LLC",United-States-of-America
"Burdge Logistics, LLC",United-States-of-America
"Business Intelligence Advisors, Inc.",United-States-of-America
Business Talent Group LLC,United-States-of-America
"Business Valuation Center, LLC",United-States-of-America
"Butler, Chapman & Co. LLC",United-States-of-America
Bywater Corporate Development Services,United-States-of-America
"Bywater, Inc.",United-States-of-America
Cahill Gordon & Reindel LLP,United-States-of-America
"Calabasas Capital, LLC",United-States-of-America
Calibre One Inc.,United-States-of-America
Cantor Fitzgerald & Co.,United-States-of-America
Capital Research Partners & Co.,United-States-of-America
Capstone Palomar Partners,United-States-of-America
Catapult Advisors LLC,United-States-of-America
Cavallino LLC,United-States-of-America
"Celera Partners, LLC",United-States-of-America
Cendrowski Corporate Advisors LLC,United-States-of-America
"CenterPoint M&A Advisors, Inc.",United-States-of-America
"Centra Capital, LLC",United-States-of-America
"Ceteris, Inc.",United-States-of-America
"CFO Synergy, Inc.",United-States-of-America
cFour Partners LLC,United-States-of-America
"Chadick Ellig, Inc.",United-States-of-America
"Champlain Advisors, LLC",United-States-of-America
"Chardan Capital Markets, LLC",United-States-of-America
Chartered Capital LLC,United-States-of-America
"Chartwell Capital Solutions, Inc.",United-States-of-America
Chartwell Partners,United-States-of-America
Chartworth Capital LLC,United-States-of-America
"Cherry Tree Companies, LLC",United-States-of-America
"Chicago Capital Holdings, LLC",United-States-of-America
China Private Equity Acquisition Corp.,United-States-of-America
"Choate, Hall & Stewart LLP",United-States-of-America
CIBC World Markets Corp.,United-States-of-America
"Citi Private Equity Services, Inc.",United-States-of-America
"Citizens Bank, N.A.",United-States-of-America
"Civitas Group, LLC",United-States-of-America
Clairfield International LLC,United-States-of-America
Clarity Diligence Services,United-States-of-America
"Clearbrook Financial, LLC",United-States-of-America
CloudSmartz LLC,United-States-of-America
CMI Capital Market Investment LLC,United-States-of-America
"Coast To Coast Equity Group, Inc.",United-States-of-America
Cogent Partners,United-States-of-America
Coker Capital Securities LLC,United-States-of-America
Collective IQ,United-States-of-America
"Colonnade Financial Group, Inc.",United-States-of-America
Columbia Strategy LLC,United-States-of-America
"Confluence Advisors, LLC",United-States-of-America
"Convergence Capital Partners, LLC",United-States-of-America
"Cook Associates, Inc.",United-States-of-America
"Cook M&A Advisory Services, Inc.",United-States-of-America
Copernicus Learning Ventures,United-States-of-America
"Core2 Group, Inc.",United-States-of-America
"Corporate Equity, Inc.",United-States-of-America
Corporate Resolutions Inc.,United-States-of-America
"Corporation Service Company, Inc.",United-States-of-America
"Country Club Financial Services, Inc.",United-States-of-America
"Creative Health Capital, LLC",United-States-of-America
"Credit Agricole Securities (USA) Inc., Research Division",United-States-of-America
Credit Suisse Securities (USA) LLC,United-States-of-America
Croft & Bender LLC,United-States-of-America
"Cross Border Enterprises, L.L.C.",United-States-of-America
CrossFirst Holdings LLC,United-States-of-America
"CSG Partners, LLC",United-States-of-America
Daigle & Associates LLP,United-States-of-America
Danford Capital Group,United-States-of-America
DataRisk LLC,United-States-of-America
David Werner International Corporation,United-States-of-America
Davidson Capital Group LLC,United-States-of-America
"De Luna Partners, Inc.",United-States-of-America
"de Visscher & Co., LLC.",United-States-of-America
"Dean & Company Strategy Consultants, Inc.",United-States-of-America
Denning & Company LLC,United-States-of-America
"DHR International, Inc.",United-States-of-America
Dickinson Williams & Company,United-States-of-America
"DiFilippo Corporate Finance Group, Inc.",United-States-of-America
Diversified Search,United-States-of-America
"Diversity Capital, L.L.C.",United-States-of-America
"Donahue Patterson Keene, LLC",United-States-of-America
"Dooley Associates, LLC",United-States-of-America
Dorsey & Whitney LLP,United-States-of-America
Dykema Gossett PLLC,United-States-of-America
"EB Financial Group, LLC",United-States-of-America
ECHELON Partners LLC,United-States-of-America
"EdgeLine Capital Partners, LLC",United-States-of-America
EFM Capital Partners,United-States-of-America
"Eilers Research, LLC",United-States-of-America
"EisnerAmper LLP, Investment Banking Arm",United-States-of-America
"EKN Financial Services, Inc.",United-States-of-America
"emat Capital Management, LLC",United-States-of-America
Enite Management LLC,United-States-of-America
eVe Global Group,United-States-of-America
"Everest Global, Inc.",United-States-of-America
Everest Group International LLC,United-States-of-America
Ewing Bemiss & Co.,United-States-of-America
"Executive Resources International, LLC",United-States-of-America
Fahrenheit 212 LLC,United-States-of-America
Falk Marques Group LLC,United-States-of-America
Family Office Private Advisors LLC,United-States-of-America
Farrell Marsh & Company,United-States-of-America
Farsite Group LLC,United-States-of-America
"Fieldstone Capital Group, LLC",United-States-of-America
Financial Technology Partners LP,United-States-of-America
"Finn Dixon & Herling, L.L.P.",United-States-of-America
First Beverage Group,United-States-of-America
"First Equity Development, Inc.",United-States-of-America
"Forrer & Associates, Inc.",United-States-of-America
"Fort Dearborn Advisors, LLC",United-States-of-America
"Fort Dearborn Partners, Inc.",United-States-of-America
"Forte CEO Services, Inc.",United-States-of-America
"Fortress Group, Inc.",United-States-of-America
"Fortunato Hutchinson, LLC",United-States-of-America
Founders Equity Group Inc.,United-States-of-America
"Founders Growth Advisors, LLC",United-States-of-America
"Foxcode, Inc.",United-States-of-America
"FPCG, LLC",United-States-of-America
"Franklin Court Partners, LLC",United-States-of-America
"Franklin Park Associates, LLC",United-States-of-America
Friedman Kaplan Seiler & Adelman LLP,United-States-of-America
"Front Runner Consulting, LLC",United-States-of-America
FTP Securities LLC,United-States-of-America
"Fulbright & Jaworski, LLP",United-States-of-America
Gardere Wynne Sewell LLP,United-States-of-America
"Gauntlet Commercial Real Estate Capital, LLC",United-States-of-America
"George K. Baum Capital Advisors, Inc.",United-States-of-America
"ghSMART & Company, Inc.",United-States-of-America
"Gibson Consulting, LLC",United-States-of-America
Gleacher & Co.,United-States-of-America
Glocap Advisors LLC,United-States-of-America
Goldblum Lentz & Co.,United-States-of-America
"Good Harbor Security Risk Management, LLC",United-States-of-America
Goodwin Procter LLP,United-States-of-America
Gottenberg Associates LLC,United-States-of-America
Grace Business Advisers Inc.,United-States-of-America
Grand Roads Executive Search LLC,United-States-of-America
"Green Strategies, Inc.",United-States-of-America
"Green Street Advisors, Inc.",United-States-of-America
"Greenberg Ferry, LLC",United-States-of-America
"Greener Ventures, LLC",United-States-of-America
"Greentree Partners, LLC",United-States-of-America
"Greenwich Strategy, LLC",United-States-of-America
Griffin Strategic Advisors LLC,United-States-of-America
Grippo & Elden,United-States-of-America
"Growthink, Inc.",United-States-of-America
"Guggenheim Capital Markets, LLC",United-States-of-America
"Gulf Capital Partners, Inc.",United-States-of-America
"Hapoalim Securities U.S.A., Inc.",United-States-of-America
Harken Capital Advisers LLC,United-States-of-America
"Healthcare Collateral Consulting, LLC",United-States-of-America
"HealthpointCapital, LLC, Research Division",United-States-of-America
Hendricks-Berkadia,United-States-of-America
Hewitt EnnisKnupp,United-States-of-America
"HFF Holdings, LLC",United-States-of-America
HighBank Advisors LLC,United-States-of-America
"Highland Point Capital Advisors, LLC",United-States-of-America
Holt Private Equity Consultants,United-States-of-America
Hood & Strong LLP,United-States-of-America
"HRworks, L.L.C.",United-States-of-America
"Hudson Square Research, Inc.",United-States-of-America
I-Bankers Securities Incorporated,United-States-of-America
"IMG Capital Markets, LLC",United-States-of-America
"Imperial Capital Group, Inc.",United-States-of-America
"Imperial Capital, LLC",United-States-of-America
Industrial Capital Strategies,United-States-of-America
Indxx,United-States-of-America
Integis Holdings LLC,United-States-of-America
"Integrate HR, LLC",United-States-of-America
Integrity Realty & Lending Group,United-States-of-America
Intrepid Investment Bankers LLC,United-States-of-America
"Investor Group Services, LLC",United-States-of-America
"IP Navigation Group, LLC",United-States-of-America
"IPVision, Inc.",United-States-of-America
"Iridium Partners, LLC",United-States-of-America
J.P. Morgan Retirement Plan Services LLC,United-States-of-America
"Jadwin Group, The",United-States-of-America
Jane Capital Partners LLC,United-States-of-America
"Janes Capital Partners, Inc.",United-States-of-America
Jefferies Group LLC,United-States-of-America
Jenner & Block LLP,United-States-of-America
Jim Manley Associates,United-States-of-America
"Jobplex, Inc.",United-States-of-America
John Hancock Bond and Corporate Finance Group,United-States-of-America
"JonesTrading Institutional Services, LLC",United-States-of-America
"JoycePayne Partners, P.C.",United-States-of-America
Katten Muchin Rosenman LLP,United-States-of-America
"Kaufman & Company, LLC",United-States-of-America
Kaye Scholer LLP,United-States-of-America
"Kennedy Covington Lobdell & Hickman, L.L.P.",United-States-of-America
Kilimanjaro Partners Inc.,United-States-of-America
"Kincannon & Reed, LLC",United-States-of-America
"Lamplighter Financial, LLC",United-States-of-America
LaSalle Debt Capital Markets,United-States-of-America
Lazard Group LLC,United-States-of-America
Lazard Middle Market LLC,United-States-of-America
"LB Group, LLC",United-States-of-America
"LeClair Ryan, PC",United-States-of-America
"Legacy Capital Solutions, LLC",United-States-of-America
"Legacy Growth Partners, LLC",United-States-of-America
"LeverPoint Management, LLC",United-States-of-America
"Liberty Global Partners, LLC",United-States-of-America
"Life & Art Group, Inc.",United-States-of-America
"LifeTech Research, Inc.",United-States-of-America
"Lindsey & Company, Inc.",United-States-of-America
Linja Partners LLC,United-States-of-America
Links Capital Group,United-States-of-America
Lion Strategy Advisors Inc.,United-States-of-America
Livingston Securities LLC,United-States-of-America
"LM Capital Securities, Inc.",United-States-of-America
Loeb & Loeb LLP,United-States-of-America
London Economics International LLC,United-States-of-America
LP Analyst,United-States-of-America
LP Innovations Inc.,United-States-of-America
LSC Healthcare Partners,United-States-of-America
"Mack International, LLC",United-States-of-America
"Madison Parker Capital, Investment Banking Arm",United-States-of-America
"Maine Pointe, LLC",United-States-of-America
"Mainstay Partners, Inc.",United-States-of-America
"MainStream Management, LLC",United-States-of-America
"Mallory Capital Group, LLC",United-States-of-America
"Manatt, Phelps & Phillips, LLP",United-States-of-America
"Manderson, Schafer & McKinlay LLP",United-States-of-America
Mantra Capital LLC,United-States-of-America
Marco Polo Partners,United-States-of-America
"Marina Capital Partners, LLC",United-States-of-America
"Market Platform Dynamics, Inc.",United-States-of-America
Marsh Private Equity and M&A Services,United-States-of-America
Martin Partners LLC,United-States-of-America
Mayer Brown LLP,United-States-of-America
"Mayfair Associates, LLC",United-States-of-America
McGuireWoods LLP,United-States-of-America
"Media Venture Partners, LLC",United-States-of-America
"Mentor Securities, LLC",United-States-of-America
"Mercator Partners, LLC",United-States-of-America
Mercer LLC,United-States-of-America
"Meredith Mergers, LLC",United-States-of-America
"Metronome Partners, LLC",United-States-of-America
"Meyers Research, LLC",United-States-of-America
"Middle Market Resources, LLC",United-States-of-America
Milestone Merchant Partners LLC,United-States-of-America
"Miller Buckfire & Co., LLC",United-States-of-America
"Mirus Capital Advisors, Inc.",United-States-of-America
"Mission Capital Advisors, LLC",United-States-of-America
"Monadnock Advisors, LLC",United-States-of-America
"MontaRosa, LLC",United-States-of-America
"Montgomery & Co., LLC",United-States-of-America
Monument Group,United-States-of-America
"Moody Capital Solutions, Inc.",United-States-of-America
Morgan Joseph TriArtisan LLC,United-States-of-America
"Morgan Samuels Company, Inc.",United-States-of-America
MVision Private Equity Advisers USA LLC,United-States-of-America
"Naok Financial, Inc.",United-States-of-America
"Natural Products Consulting Institute, LLC",United-States-of-America
New England Business Exchange Inc.,United-States-of-America
"New Magellan Risk Management, LLC",United-States-of-America
"Newbury Capital Partners, LLC",United-States-of-America
"NEXT Energy Group, LLC",United-States-of-America
Nixon Peabody LLP,United-States-of-America
Noble International Investments Inc.,United-States-of-America
"Nomura Holding America, Inc.",United-States-of-America
"Normandy Advisors, LLC",United-States-of-America
"North Haven Partners, Inc.",United-States-of-America
"Northfield Information Services, Inc.",United-States-of-America
"Northport Partnership Management, LLC",United-States-of-America
Nosal Partners LLC,United-States-of-America
"Notch Partners, LLC",United-States-of-America
"OBX Partners, LLC",United-States-of-America
"Ocean Park Advisors, LLC",United-States-of-America
"OFSCap, LLC",United-States-of-America
Opus Group Financial,United-States-of-America
"Orr & Boss, Inc.",United-States-of-America
"Orsus Advisory Services, LLC",United-States-of-America
Osborn Maledon,United-States-of-America
"Ovidian Group, LLC",United-States-of-America
"PAF Securities, LLC",United-States-of-America
Paladin Capital LLC,United-States-of-America
"Palmeri Fund Administrators, Inc.",United-States-of-America
"Paragon Capital Partners, LLC",United-States-of-America
"Paravel Capital Partners, LLC",United-States-of-America
"Parchman, Vaughan & Company, L.L.C.",United-States-of-America
"Park Square Executive Search, LLC",United-States-of-America
Parks Paton Hoepfl & Brown,United-States-of-America
"Parkwood Advisors, LLC",United-States-of-America
Peak Consulting,United-States-of-America
"Pearson Partners International, Inc.",United-States-of-America
"People 2.0, Inc.",United-States-of-America
"PHM International, Inc.",United-States-of-America
"Pillar Capital Advisors, LLC",United-States-of-America
Pillsbury Winthrop Shaw Pittman LLP,United-States-of-America
Platinum Group LLC,United-States-of-America
"PLM International, Inc.",United-States-of-America
"Pluris Partners, Inc.",United-States-of-America
"PNC Bank, National Association",United-States-of-America
"Polachi & Company, Inc.",United-States-of-America
Porticoes Capital Corp.,United-States-of-America
"Powerlytics, Inc.",United-States-of-America
"Prestwick Partners, LLC",United-States-of-America
Private Capital Research Institute,United-States-of-America
"Private Equity Growth Advisors, LLC",United-States-of-America
"Professional Logistics Group, Inc.",United-States-of-America
"Profit Recovery Partners, LLC",United-States-of-America
"PRTM Management Consultants, Inc.",United-States-of-America
QB Inc.,United-States-of-America
QuestStar Capital Partners,United-States-of-America
QuietStream Financial,United-States-of-America
Raffles Capital Group Inc.,United-States-of-America
Raines International Inc.,United-States-of-America
"RainMakers Private Equity, LLC",United-States-of-America
"Ranger Partners Group, LLC",United-States-of-America
"RB Milestone Group, LLC",United-States-of-America
"RBC Wealth Management, Inc.",United-States-of-America
"Real Capital Analytics, Inc.",United-States-of-America
"Redding Consultants, Inc.",United-States-of-America
"Redrock Trading Partners, L.L.C.",United-States-of-America
Redwood Partners Ltd.,United-States-of-America
Reed Smith LLP,United-States-of-America
ReefPoint LLP,United-States-of-America
"Rhodes-Joseph & Tobiason Advisors, LLC",United-States-of-America
"Richard Vander Kaay & Associates, Inc.",United-States-of-America
Ridgecrest Capital Partners Incorporated,United-States-of-America
"Riveron Consulting, LP",United-States-of-America
Riverside Capital,United-States-of-America
"Riverside Management Group, LLC",United-States-of-America
Robert W. Baird & Co. Incorporated,United-States-of-America
Roberts and Green Inc.,United-States-of-America
Robinson & Cole LLP,United-States-of-America
"RSR Partners, Inc.",United-States-of-America
"Russell Reynolds Associates, Inc.",United-States-of-America
"Rutberg & Company, LLC, Research Division",United-States-of-America
"Sagent Advisors, LLC",United-States-of-America
Sard Verbinnen & Co.,United-States-of-America
Saugatuck Technology Inc.,United-States-of-America
SBM Financial Group LLC,United-States-of-America
Scalar Partners,United-States-of-America
SCAS Inc.,United-States-of-America
"SCF Securities, Inc.",United-States-of-America
Semaphore Inc.,United-States-of-America
Sett & Lucas,United-States-of-America
"Seven Seven Capital, LLC",United-States-of-America
"Sherwood Partners, LLC",United-States-of-America
Sikich Investment Banking,United-States-of-America
"Silicon Valley Bank, Inc.",United-States-of-America
"SilverCloud Partners, LLC",United-States-of-America
"Simpler Consulting, L.P.",United-States-of-America
"Sixpoint Partners, LLC",United-States-of-America
"SJ Partners, LLC, Investment Banking Arm",United-States-of-America
SJH & Company Inc.,United-States-of-America
"Skadden, Arps, Slate, Meagher & Flom, L.L.P.",United-States-of-America
Skyway Capital Partners LLC,United-States-of-America
"Software Equity Group, L.L.C.",United-States-of-America
Solebury Capital LLC,United-States-of-America
"Soundview Technology Group, Inc.",United-States-of-America
"Spearhead Capital, LLC",United-States-of-America
"Spectrum Search Partners, LLC",United-States-of-America
Spence Associates International Inc.,United-States-of-America
Spencer Clarke LLC,United-States-of-America
"Spencer Stuart, Inc.",United-States-of-America
SPP Capital Partners LLC,United-States-of-America
SRS|Acquiom LLC,United-States-of-America
"SS&G, Inc.",United-States-of-America
"SSA & Company, LLC",United-States-of-America
"Stanwich Advisors, LLC",United-States-of-America
Stax Inc.,United-States-of-America
"Stephen James Associates, Inc.",United-States-of-America
Sterling Global Human Resource Consulting,United-States-of-America
"Stout Risius Ross Advisors, LLC",United-States-of-America
"Strategic Advisors, Inc.",United-States-of-America
Strategic Decisions Group International LLC,United-States-of-America
"Strategic Investment Solutions, Inc.",United-States-of-America
"Strategic Management Partners, Inc.",United-States-of-America
Strategy&,United-States-of-America
"Strawn Arnold Ashpitz Groover, Ltd.",United-States-of-America
"Suntrust Robinson Humphrey, Inc.",United-States-of-America
Supply Chain Edge LLC,United-States-of-America
"Susquehanna International Group, LLP",United-States-of-America
"Sutton Place Strategies, LLC",United-States-of-America
Targus Financial Solutions Corporation,United-States-of-America
"Tatum, LLC",United-States-of-America
"TBM Consulting Group, Inc.",United-States-of-America
Technology Holdings,United-States-of-America
Terry Blaney Private Equity Advisory Services,United-States-of-America
The Alexander Proudfoot Company,United-States-of-America
"The Atlas Capital Group, Inc.",United-States-of-America
The Avascent Group,United-States-of-America
"The Beacon Group, LLC",United-States-of-America
"The Boston Consulting Group, Inc.",United-States-of-America
"The Camelot Group, LLC",United-States-of-America
"The Capital Solutions Group, LLC",United-States-of-America
"The Chart Group, L.P.",United-States-of-America
The Cobble Hill Group LLC,United-States-of-America
The Concordia Group,United-States-of-America
The Fahrenheit Group LLC,United-States-of-America
"The G2 Groupe, LLC",United-States-of-America
"The Gerson Group, LLC",United-States-of-America
The Hermes Group LLC,United-States-of-America
"The Highland Group, LLC",United-States-of-America
"The Highlander Group, Inc.",United-States-of-America
"The Holman Group, Inc.",United-States-of-America
"The InvestLinc Group, LLC",United-States-of-America
"The Jordan, Edmiston Group, Inc.",United-States-of-America
The Kerdan Group,United-States-of-America
"The Magis Group, L.L.C.",United-States-of-America
"The McLean Group, LLC",United-States-of-America
The Miller Group,United-States-of-America
"The New England Consulting Group, Inc.",United-States-of-America
"The Parthenon Group, LLC",United-States-of-America
"The Phoenix Consulting Group, Inc.",United-States-of-America
The Presidio Group LLC,United-States-of-America
The Private Equity Group,United-States-of-America
"The Prospect Group, Inc.",United-States-of-America
"The Revere Group, Limited",United-States-of-America
"The Rothstein, Kass & Company, P.C.",United-States-of-America
"The Shemano Group, Inc.",United-States-of-America
"The Silverfern Group, Inc.",United-States-of-America
The Spartan Group LLC,United-States-of-America
"The Valuations Group, Inc.",United-States-of-America
"The Williams Capital Group, L.P.",United-States-of-America
The World Bank Group,United-States-of-America
"ThinkFire Services USA, Ltd.",United-States-of-America
Tholons Inc.,United-States-of-America
Thomas Blaige & Company LLC,United-States-of-America
"Thomas Weisel Partners Group, Inc.",United-States-of-America
"Thrive Resources, LLC",United-States-of-America
"Tiburon Strategic Advisors, LLC",United-States-of-America
Tigress Financial Partners LLC,United-States-of-America
"Tolleson Wealth Management, Inc.",United-States-of-America
"Tompkins International, Inc.",United-States-of-America
TorreyCove Capital Partners LLC,United-States-of-America
"Transaction Risk Solutions, Inc.",United-States-of-America
Triangle Capital LLC,United-States-of-America
"Triangle Securities, LLC",United-States-of-America
Tri-River Capital,United-States-of-America
"Troy Investments Associates, Inc.",United-States-of-America
Turan Corporation,United-States-of-America
Ungaretti & Harris LLP,United-States-of-America
Union Atlantic LC,United-States-of-America
US Capital Partners LLC,United-States-of-America
"VALCOR Consulting, LLC",United-States-of-America
"Vales Consulting Group, LLC",United-States-of-America
Valuation Research Corporation,United-States-of-America
ValueMine Consulting,United-States-of-America
Vanguard Capital,United-States-of-America
Vant Capital Partners,United-States-of-America
"Vcapital, Inc.",United-States-of-America
"VDC Research Group, Inc.",United-States-of-America
"Vector Securities International, LLC",United-States-of-America
"Vector Securities, L.L.C.",United-States-of-America
"VentureAdvisers, Inc.",United-States-of-America
"Veritage Group, LLC",United-States-of-America
"Virtual Advisors, LLC",United-States-of-America
Vistech Corporation,United-States-of-America
Vrolyk & Company LLC,United-States-of-America
"Wall Street Private Equity Group, Inc.",United-States-of-America
"Waller Capital Partners, LLC",United-States-of-America
"Waterstone Management Group, LLC",United-States-of-America
Wellington Associates Inc.,United-States-of-America
Wells Fargo Corporation,United-States-of-America
"West Monroe Partners, LLC",United-States-of-America
"Westney Consulting Group, Inc.",United-States-of-America
"Westrock Partners, Inc.",United-States-of-America
"White Cap Private Equity Management, LLC",United-States-of-America
White White & Van Etten LLP,United-States-of-America
"Whitehall Group, L.L.C.",United-States-of-America
"Whitney Partners, LLC",United-States-of-America
Whyte Hirschboeck Dudek S.C.,United-States-of-America
Wiggin and Dana LLP,United-States-of-America
"William Blair & Company, L.L.C.",United-States-of-America
Willock Partners,United-States-of-America
Wilson Human Capital Group Inc.,United-States-of-America
"Windham Brannon, P.C., CPAs",United-States-of-America
"Wolfe Research, LLC",United-States-of-America
Wollmuth Maher & Deutsch,United-States-of-America
Worldwide Capital Partners,United-States-of-America
"WR Hambrecht + Co., LLC",United-States-of-America
Zirkle & Co.,United-States-of-America
"ZRG Partners, Inc.",United-States-of-America
